gauge_id,runoff_ratio,q_mean,area_gages2,elev_mean,slope_mean,soil_conductivity,soil_depth_pelletier,soil_porosity,frac_forest,frac_snow,p_mean,aridity]
10500000,0.55336,3.61943,61581.51,154.4063,7.9614,31.20038837,18.761318,0.5,97.1465,0,6.51179,0.47195
11400000,0.72594,3.9342,1018679,1146.4831,89.9208,50514.95844,20.201474,0.5,73.6313,0.145,5.38941,0.54118
11500000,0.759,4.33327,1144059,1046.1913,81.8967,146066.2905,20.194316,0.5,75.0309,0.1395,5.70191,0.51306
12370000,0.39463,2.04953,16184.38,309.2044,12.9614,2.573890103,23.067625,0.5,98.8763,0,5.19877,0.58187
12500000,0.38579,2.12972,38019.14,272.0713,10.7975,1.366469681,24.853821,0.5,98.6661,0,5.49805,0.55318
12520000,0.36831,2.09555,55632.32,254.7959,10.0169,3.159075461,25.949957,0.5,98.2028,0,5.65542,0.54123
12700000,0.41758,2.46211,143941.2,238.5415,10.5135,1.049059208,25.465349,0.5,96.6734,0,5.81787,0.5292
13150000,0.66244,4.24817,1781442,741.5321,57.4735,104732.1454,20.882394,0.5,80.119,0.0909,6.41323,0.46433
13470000,0.28566,1.43737,7215.198,300.152,12.2796,878.1728376,25.227344,0.5,98.1754,0,5.07795,0.60636
13600002,0.26568,1.28963,23517.72,250.9573,12.595,1176.765697,24.626129,0.5,95.846,0,4.89322,0.63194
13710001,0.3281,1.67835,105814.3,250.9295,12.2913,16.10793988,24.440053,0.5,96.9032,0,5.10046,0.60607
13750000,0.39397,2.15236,154834,225.7759,11.4357,5.692591238,24.278616,0.5,96.5915,0,5.42786,0.57214
13870000,0.39041,2.15634,227861.4,194.3083,10.5582,11.69768709,25.260642,0.5,95.5191,0,5.52056,0.5661
13880000,0.41201,2.2888,237654.6,189.8427,10.3691,10.76390857,25.263411,0.5,95.1955,0,5.55522,0.56306
14100000,0.63124,3.99212,2200203,627.7019,48.2034,11977.88116,21.430416,0.5,82.2866,0.0737,6.32973,0.47528
14110000,0.68731,5.86307,74513.71,233.3013,21.7262,1.27166E+13,17.557344,0.5,90.4003,0.0004,8.53279,0.35912
14230000,0.71071,6.97804,23497.75,160.6365,10.1185,8.03933E+15,20.477176,0.5,93.5936,0,9.81837,0.30259
14250000,0.6439,5.78111,123844.4,194.0205,16.425,1.39162E+14,18.569586,0.5,91.6548,0.0002,8.97833,0.3376
14260000,0.55952,5.31983,39726.65,215.326,10.5374,2.34083E+13,20.789496,0.5,93.5604,0,9.50349,0.31427
14280001,0.57578,5.44826,43867.04,206.6952,10.3668,3.71074E+13,21.025795,0.5,93.6295,0,9.46242,0.31578
14310000,0.72202,6.46597,4556.995,156.6731,7.5179,4.93571E+12,20.052128,0.5,97.3673,0,8.95015,0.33319
14330000,0.6322,5.73984,193303.7,187.5934,14.0643,1.06957E+14,19.515816,0.5,92.4099,0.0001,9.07916,0.3324
14350000,0.678,6.05357,13454.33,105.9621,7.1631,1.99802E+15,23.621276,0.5,94.819,0,8.92858,0.33911
14440000,0.4139,2.49041,17771.58,217.0425,36.6135,301148.0116,21.825191,0.5,98.9901,0,6.01697,0.50594
14515000,0.48449,2.76839,49360.72,417.0651,42.7683,108720.1393,23.61676,0.5,81.3918,0,5.69194,0.57153
14526000,0.35456,1.77739,10020.33,187.8192,21.8202,3.22055E+11,33.583957,0.5,47.2922,0,4.98781,0.64942
14680001,0.40526,2.29523,12473.34,395.7454,36.665,1922.07354,20.83746,0.5,97.5614,0,5.61945,0.5432
15030000,0.5852,3.83614,2930404,512.2986,40.9004,210227.7296,21.369876,0.5,83.0399,0.0554,6.55525,0.46182
15130000,0.19478,0.76205,55983.24,343.3542,25.2993,8.27313E+14,24.721498,0.5,58.3841,0,3.95258,0.81414
15400000,0.38659,1.5957,995526.5,642.3734,51.2862,14677767.36,24.727461,0.5,70.6844,0.062,4.12762,0.73462
15550000,0.42294,2.40317,12376.43,155.1046,19.8123,29817.41569,23.527363,0.5,71.1776,0,5.72703,0.55704
15700000,0.4303,1.90246,1173701,570.896,45.9877,9847590.938,24.601005,0.5,71.6771,0.0529,4.38349,0.69716
15800000,0.2862,1.73656,70460.28,203.6962,22.6079,1404947.19,18.611443,0.5,93.8822,0,6.05082,0.51352
15910000,0.46561,2.91953,12688.68,169.063,24.8697,6712.58812,22.63572,0.5,99.8581,0,6.24857,0.49915
15930000,0.47299,3.13735,5014.57,178.3697,24.9536,316.7378759,22.807355,0.5,98.4186,0,6.63502,0.46341
17050001,0.53184,3.18105,4720020,480.0521,39.4279,263857.8382,22.293997,0.5,81.2571,0.0476,5.98117,0.50949
17090000,0.12802,0.72156,19697.75,356.6417,37.1895,9.897602317,28.109055,0.5,98.6184,0,5.63451,0.57375
17200000,0.4218,2.10008,10878.8,473.7326,22.3925,4.61466E+17,27.037123,0.5,25.006,0,4.89851,0.67061
17345000,0.70232,4.41234,493.6863,544.4778,23.8587,1.55028E+15,25.740707,0.5,87.8068,0,6.293,0.50086
17350000,0.40881,2.45633,1009.803,446.0865,35.9705,1.1286E+12,17.175154,0.5,84.9024,0,6.00854,0.52311
18200000,0.17711,0.91776,12420.47,350.7705,40.1595,3.874449459,29.47713,0.5,98.5727,0,5.14721,0.61947
18850000,0.27851,1.48547,452452.1,315.0084,23.6942,9031918291,26.491328,0.5,83.8948,0,5.40926,0.57569
19150000,0.31974,1.89225,51766.67,275.5607,32.3007,3.956216045,34.130655,0.5,93.4055,0,5.93668,0.54073
20200000,0.31737,1.42322,3668.815,729.731,36.1815,262754.4016,32.130094,0.5,24.7076,0,4.48439,0.68139
20250000,0.29761,1.30661,10616.05,730.4547,40.4111,356672.8073,30.783278,0.5,29.1223,0,4.39034,0.6994
21500000,0.20004,0.71246,22854.52,656.0314,39.8514,200239.6143,30.605644,0.5,30.5774,0,3.56126,0.91502
21750000,0.77575,2.88593,1077.9,671.7176,58.3348,13824199.74,25.993008,0.5,23.8332,0,3.71648,0.85831
22050001,0.25328,0.99237,129156.2,637.6209,45.5726,91047913.98,27.281102,0.5,35.5704,0,3.91807,0.8302
22500000,0.24428,0.99754,187108.3,549.065,39.4378,25627721747,26.560623,0.5,36.3605,0,4.08362,0.80861
22680000,0.33942,1.42268,16951.1,474.7094,25.0511,9.31966E+18,34.100202,0.5,16.1716,0,4.19154,0.82671
22700000,0.33673,1.41876,18075.82,463.9241,24.7848,9.38188E+18,33.562307,0.5,17.1257,0,4.21337,0.8238
22850000,0.31675,1.43595,9412.25,317.2654,20.8257,1.3378E+18,23.514462,0.5,20.2547,0,4.53338,0.78129
22900000,0.31592,1.38132,44065.08,406.2702,27.0346,8.10588E+17,29.36008,0.5,27.8372,0,4.37235,0.79752
23100000,0.26156,1.09122,245742.3,507.8931,36.2178,1.06414E+12,26.782978,0.5,35.1488,0,4.17203,0.80069
23150000,0.30971,1.41608,2855.066,275.5202,17.5254,1.45895E+17,20.152401,0.5,35.5631,0,4.57224,0.75957
23220000,0.22321,0.89347,2980.43,386.5198,20.1096,2.73414E+14,25.556629,0.5,24.0208,0,4.00277,0.85924
23230000,0.35833,1.60146,4071.937,332.0218,30.6068,1.06942E+15,19.503911,0.5,29.5991,0,4.46923,0.76649
23250000,0.29783,1.28793,10025.8,336.989,27.0438,6.84274E+14,21.634108,0.5,27.1138,0,4.3244,0.79452
23300000,0.26387,1.12702,278649.7,481.253,34.48,2.83694E+12,26.441501,0.5,34.0305,0,4.20605,0.79687
23600000,0.26819,1.12714,293998.4,471.2398,34.2136,3.08532E+12,26.482835,0.5,33.1175,0,4.20282,0.79807
23700000,0.28717,1.20459,302057.1,465.1658,33.8089,3.09792E+12,26.506414,0.5,32.8129,0,4.19469,0.7996
23710000,0.27882,1.16956,302107.8,465.1257,33.8071,3.09913E+12,26.506777,0.5,32.8124,0,4.19467,0.7996
24050000,0.54394,2.33647,2094.74,776.751,30.2748,1.06554E+15,29.270217,0.5,26.2026,0,4.31838,0.70641
24200000,0.41239,1.7075,18467.51,640.9592,37.8708,1.35114E+16,28.780595,0.5,26.7598,0,4.14053,0.7533
24500000,0.41263,1.73632,5188.323,602.2382,40.3344,1.46154E+16,26.609919,0.5,26.652,0,4.20797,0.77214
24700000,0.376,1.56822,36855.57,576.0003,37.7197,6.30986E+16,28.111617,0.5,27.3425,0,4.1708,0.76114
24750000,0.3926,1.60447,6484.95,650.1693,45.8207,7.83141E+13,28.72723,0.5,23.296,0,4.08674,0.74417
24780000,0.41731,1.70973,1334.368,650.9607,39.7787,2.66195E+14,29.724069,0.5,40.4563,0,4.09701,0.73781
24800000,0.35216,1.44914,12082.53,578.2887,41.6315,2.47976E+14,29.574222,0.5,28.4599,0,4.115,0.74431
24850000,0.36222,1.50551,50231.8,570.8806,38.2538,1.90862E+16,28.585119,0.5,27.4544,0,4.15634,0.7575
24900000,0.33208,1.36483,2068.532,648.3031,39.0452,3.30233E+15,28.150923,0.5,16.8097,0,4.10996,0.75039
24950000,0.2993,1.23668,9084.481,557.7871,41.6624,3.21951E+12,30.097284,0.5,19.8695,0,4.13192,0.75045
25100000,0.4754,2.24466,232.5548,658.962,67.2707,43773371.7,26.016433,0.5,26.2702,0,4.72158,0.63711
25130000,0.28388,1.25625,5316.764,458.9577,37.8548,5.55904E+11,28.743693,0.5,26.3641,0,4.42522,0.70839
25200000,0.33251,1.38321,77159.9,521.977,34.924,3.15828E+15,30.045244,0.5,25.8492,0,4.15988,0.7601
25700000,0.30631,1.2814,93500.15,484.7,31.6218,5.32268E+15,30.722578,0.5,25.8767,0,4.18336,0.75984
25950000,0.2787,1.17318,118346,453.1871,29.3953,9.62809E+15,30.311048,0.5,27.364,0,4.20944,0.7595
26040000,0.42848,1.94284,5241.032,676.1027,17.2794,5.36068E+11,34.204366,0.5,9.1668,0,4.53432,0.70113
26050000,0.41246,1.88602,17517.37,612.3477,19.1696,2.8655E+13,34.296917,0.5,12.7551,0,4.57261,0.69418
26100000,0.40965,1.83427,25171.6,564.0911,22.966,2.70857E+14,32.532545,0.5,19.3602,0,4.4776,0.71079
26200000,0.35794,1.55678,40779.91,479.3043,20.6384,5.07376E+15,33.18117,0.5,24.4621,0,4.34927,0.74284
26300000,0.30879,1.34233,59545.41,413.0677,17.4362,1.91628E+16,33.650044,0.5,29.0889,0,4.34702,0.74688
26350000,0.27902,1.18822,198426.9,418.8878,23.248,9.54311E+15,32.539675,0.5,28.3496,0,4.24774,0.76065
26720000,0.21313,0.90372,6688.959,267.1905,13.0954,3.28337E+19,21.850569,0.5,25.2825,0,4.24023,0.7954
27500000,0.29127,1.29307,330989.3,342.5109,19.0738,2.26506E+15,32.333105,0.5,34.2179,0,4.43948,0.73916
27550000,0.40053,1.99208,1198.717,239.4183,18.6574,3.85558E+12,23.867696,0.5,40.707,0,4.97361,0.6751
28150000,0.36198,1.77207,1587.485,253.9218,23.6983,1.00152E+12,24.086508,0.5,36.568,0,4.89544,0.67177
28300000,0.28736,1.2946,377622,327.9812,19.1372,5.10858E+14,31.532875,0.5,33.4076,0,4.50511,0.72958
28850000,0.29621,1.33604,389438.2,324.438,19.3063,3.89457E+14,31.388162,0.5,33.0415,0,4.51041,0.72904
29050000,0.28455,1.2463,709486.9,380.3649,25.4031,3.59782E+13,29.360204,0.5,33.061,0,4.37991,0.75766
29100000,0.29115,1.47254,37541.79,270.185,38.1928,2361.456772,26.180582,0.5,63.5211,0,5.05129,0.6134
29700000,0.28164,1.27622,774134.6,366.8549,25.7725,5.91534E+12,29.372827,0.5,35.4571,0,4.44669,0.7437
30080000,0.34717,2.6987,10153.8,173.5921,13.9765,31.72049822,36.019571,0.5,94.1464,0,7.79335,0.3962
30400000,0.37368,2.70255,30519.53,176.4571,18.741,43.35308428,35.401245,0.5,93.3304,0,7.27845,0.42802
31490000,0.35209,2.22924,3421.235,79.5555,14.8944,655360104.7,60.174777,0.5,92.4821,0,6.33146,0.51281
31520000,0.37111,2.36819,4937.209,75.1045,14.2938,503210853.9,61.27142,0.5,90.9122,0,6.38134,0.50501
31600000,0.41303,2.7532,36.0891,79.3964,8.033,4.86329E+11,83.836736,0.5,55.1181,0,6.61727,0.48712
31680000,0.26964,1.51008,26257.79,162.6515,24.0823,172997.5689,39.731531,0.5,84.1923,0,5.60033,0.58994
31700000,0.27319,1.55462,32913.4,145.9951,22.8619,468586.7456,41.734584,0.5,84.4789,0,5.69057,0.58103
32400000,0.4189,2.56306,1777.996,82.7406,14.7702,39047209.27,51.592629,0.5,98.2475,0,6.15553,0.51386
32550000,0.25726,1.32846,4640.44,129.4223,23.4846,1972513.572,47.319678,0.5,94.4695,0,5.16382,0.62994
32620000,0.2576,1.2521,32825.99,144.3745,19.6898,306464.377,43.895109,0.5,82.1922,0,4.86056,0.66711
32830000,0.36818,2.01513,3892.607,72.5495,11.7025,126121.7534,43.379314,0.5,55.5067,0.134,5.4399,0.60432
33025000,0.09918,0.36527,5496.676,265.7085,28.3379,7431731317,42.533877,0.5,42.8012,0,3.61359,0.91536
33170000,0.0945,0.34089,5872.543,229.8363,42.4752,1715260.158,41.767084,0.5,58.0437,0.0242,3.6656,0.89052
33190000,0.13353,0.53492,35353.15,198.4955,30.4645,804470.272,43.32756,0.5,50.729,0.026,4.00601,0.82068
33205000,0.18977,0.58022,3757.069,338.0899,28.2745,5.52561E+16,33.820257,0.5,23.9314,0,3.05746,1.09714
33215000,0.21545,0.62477,3030.531,287.4907,27.4452,2.6004E+20,34.841142,0.5,31.1493,0,2.89985,1.17988
33250000,0.12146,0.36274,13186.4,273.4849,26.3317,4.37331E+17,31.787931,0.5,43.2153,0,2.98654,1.12559
33260000,0.10332,0.3124,15465.18,259.6246,26.5292,6.80785E+16,31.784531,0.5,45.281,0,3.02361,1.11275
33270000,0.03548,0.11534,1332.01,212.1461,26.3259,4.09383E+17,24.862883,0.5,43.3702,0,3.16653,1.06285
33281000,0.09653,0.31074,24096.01,221.4075,26.0267,2.04103E+15,31.884679,0.5,44.9386,0,3.21903,1.05307
33286000,0.1031,0.33869,25382.44,213.7954,25.5277,1.16407E+15,31.982496,0.5,44.4883,0,3.28508,1.03356
33290000,0.10594,0.34956,25685.92,211.7081,25.3264,9.87825E+14,32.075951,0.5,44.2806,0,3.29953,1.02904
33321000,0.12449,0.40363,4509.103,308.1946,23.2741,1.7949E+14,30.499405,0.5,17.8255,0,3.22459,1.03736
33330000,0.107,0.36038,3610.739,245.2226,24.8559,1.91166E+14,32.653685,0.5,49.8206,0,3.3196,1.00948
33380000,0.11888,0.4241,20359.21,211.6917,29.4605,1.21871E+11,36.119862,0.5,40.3034,0,3.54794,0.93908
33450000,0.1588,0.47346,5793.192,379.3048,32.1763,3.43787E+19,33.599499,0.5,28.9418,0,2.98149,1.12888
33460000,0.13026,0.39381,6895.587,358.3748,31.3348,1.57489E+19,32.796488,0.5,34.7742,0,3.02326,1.11363
33480000,0.10279,0.307,14955.43,365.0068,34.2259,4.26491E+18,31.206157,0.5,36.2509,0,2.98676,1.12678
33520000,0.02799,0.09106,5308.43,281.6609,34.2441,1.14942E+16,28.3812,0.5,60.8723,0,3.25385,1.04785
33530000,0.0597,0.18901,27258.15,307.7968,31.3565,4.75521E+17,30.978196,0.5,49.4385,0,3.16607,1.06811
33550000,0.05561,0.18114,32625.93,282.2293,29.2691,4.28924E+17,31.051324,0.5,52.4064,0,3.25758,1.04244
33620000,0.13053,0.57196,5493.113,123.2289,18.2052,1.62581E+13,31.73119,0.5,60.9509,0,4.27692,0.79903
33630000,0.08485,0.29658,43754.68,238.4379,25.9865,5.87286E+16,31.472175,0.5,53.9845,0,3.49543,0.97698
33680000,0.10167,0.3752,49821.12,217.7804,24.5752,1.70754E+16,32.303218,0.5,53.3394,0,3.65647,0.93571
33730000,0.12296,0.53737,4226.614,88.4571,16.447,8.71646E+15,33.878586,0.5,73.7734,0,4.35811,0.8235
33760000,0.11279,0.47403,3977.097,88.1315,10.1177,1.84226E+15,32.386389,0.5,43.0933,0,4.2159,0.83013
33780000,0.13567,0.59617,12610.42,82.5929,14.8538,7.43909E+14,33.951241,0.5,62.0642,0,4.39431,0.80625
34020000,0.21695,0.72031,12958.82,471.5789,31.6634,2.54466E+18,26.356428,0.5,15.9996,0,3.32013,1.04628
34060000,0.17011,0.58287,31450.87,446.6561,31.4946,2.14013E+17,27.853626,0.5,28.8767,0,3.42637,1.02429
34070000,0.15741,0.53266,35393.5,439.1138,30.5738,1.61035E+17,28.057141,0.5,27.5329,0,3.38392,1.03704
34090000,0.07011,0.19391,15632.27,474.8772,27.546,7.64857E+17,32.092429,0.5,23.2921,0,2.76593,1.28138
34130000,0.23021,0.91844,8993.618,456.6601,28.4625,4.88675E+15,26.288906,0.5,21.2176,0,3.9895,0.88411
34170000,0.18095,0.62324,24771.65,382.8255,26.2066,3.73113E+16,27.914558,0.5,14.4896,0,3.44415,1.01097
34251000,0.02082,0.05385,31120.6,475.9706,29.0143,2.72245E+16,25.233764,0.5,17.5248,0,2.55489,1.36559
34311000,0.09876,0.28992,140746.6,417.5982,28.416,2.28955E+17,27.896008,0.5,20.3423,0,2.93564,1.18923
34571000,0.00589,0.01097,34622.28,388.7437,22.8031,7.67627E+19,22.297456,0.5,12.3235,0,1.86236,1.86813
34660000,0.07254,0.18877,236206.3,392.778,26.8428,1.04294E+18,25.759687,0.5,17.8039,0,2.60177,1.33551
34690000,0.08101,0.21152,238641.9,390.4897,26.8127,9.8687E+17,25.790919,0.5,18.0914,0,2.61107,1.33141
34730000,0.11655,0.29652,1009.62,777.3219,38.8105,3.02977E+17,23.619318,0.5,10.3418,0,2.44986,1.48347
34750000,0.0473,0.09491,19171.48,419.3835,30.2136,1.64221E+15,14.351773,0.5,6.9996,0,2.00638,1.73369
34770000,0.05448,0.12629,43338.1,391.5857,28.1013,6.23907E+16,16.213921,0.5,14.366,0,2.31795,1.50671
34789000,0.06359,0.15827,51466.67,361.7232,27.5462,6.62583E+16,17.224473,0.5,15.855,0,2.48879,1.40915
34879500,0.07437,0.19644,300471,375.8376,26.6311,5.29395E+17,24.394713,0.5,18.5233,0,2.64138,1.3199
34930000,0.16556,0.60854,4700.512,161.9803,10.8322,4.24913E+16,20.57222,0.5,13.5242,0,3.60435,1.00464
34940000,0.16661,0.64593,11256.86,150.8364,10.8924,5.23866E+17,19.565019,0.5,19.9778,0,3.86248,0.94905
34980000,0.13531,0.48305,21792.43,201.1572,17.7553,3.46721E+17,18.433767,0.5,16.1491,0,3.56987,1.02561
35235000,0.08431,0.18985,3702.399,297.2833,31.8812,6.81977E+13,16.341326,0.5,7.7749,0,2.24844,1.54216
35240000,0.17935,0.35582,1542.994,358.3864,50.8436,1.51817E+14,12.961052,0.5,9.3267,0,1.98393,1.78947
35258000,0.0642,0.11093,2378.059,334.3847,41.9544,2.52598E+14,17.048932,0.5,6.7796,0,1.68126,2.11288
35260000,0.07924,0.13889,2814.468,307.408,38.5262,3.64594E+14,17.188534,0.5,7.3646,0,1.7468,2.0336
35263000,0.15848,0.49592,585.2845,274.488,52.5181,1.98852E+13,22.890665,0.5,37.0869,0,3.12923,1.13572
35740000,0.1882,0.66496,221.5844,530.6712,90.2606,909536223.3,35.050085,0.5,60.1542,0,3.52747,1.00113
35830000,0.08317,0.16529,1629.97,250.5467,37.2737,1.9297E+14,19.446373,0.5,3.0916,0,1.96297,1.78439
36020000,0.02441,0.03675,5804.538,491.3795,22.5671,5.40194E+13,11.753011,0.5,4.797,0,1.51999,2.23403
36045000,0.02002,0.03246,3411.952,575.7683,27.4362,1.13627E+13,20.316337,0.5,6.4064,0,1.62129,2.0927
36125000,0.04892,0.09631,3532.893,557.4843,39.4042,1.36663E+12,21.587497,0.5,7.1355,0,1.97856,1.72412
36130000,0.06027,0.12716,5953.49,541.525,39.91,3.67765E+11,21.734571,0.5,11.9144,0,2.13724,1.58613
36160000,0.04876,0.08659,20477.87,503.3639,31.5891,2.00826E+12,17.070906,0.5,7.7625,0,1.77849,1.91992
36210000,0.10361,0.28166,1275.882,531.199,45.7343,2.62785E+11,27.754635,0.5,23.1371,0,2.71471,1.20557
36250000,0.02438,0.0544,4284.856,618.7565,27.8151,1.88174E+12,24.927134,0.5,18.7272,0,2.23144,1.51759
36290000,0.06298,0.15192,12472.62,463.9506,32.4221,66198782172,23.054029,0.5,18.7529,0,2.41216,1.42076
36320000,0.04551,0.0923,39537.25,457.6123,31.9609,5.7273E+11,18.569181,0.5,12.6133,0,2.02799,1.70381
36390000,0.04183,0.08479,48353.43,407.8396,30.5348,2.52116E+12,18.162741,0.5,12.6613,0,2.02575,1.71458
36580000,0.04347,0.07936,17260.33,328.6463,31.7238,1.74832E+13,13.796694,0.5,8.1606,0,1.82561,1.94288
37220000,0.05949,0.14577,1105.351,486.721,46.8586,11583771977,21.011933,0.5,15.8927,0,2.41778,1.48944
37380000,0.06032,0.13561,8566.277,457.2839,39.0641,4943789832,21.942401,0.5,20.2067,0,2.23729,1.57401
37410000,0.0739,0.16828,15163.72,404.9194,35.905,3369845579,22.712459,0.5,19.9171,0,2.27715,1.55964
37470000,0.0701,0.15459,21635.87,375.7596,35.9603,7184391659,22.438215,0.5,21.0983,0,2.18146,1.61708
37710150,0.07354,0.14103,38124.41,344.2399,34.9378,5.31741E+11,21.776629,0.5,20.7046,0,1.94057,1.78158
38650000,0.02698,0.04385,2184.545,482.8514,32.524,7.83015E+16,20.36391,0.5,9.6149,0,1.59507,2.10079
38790000,0.10302,0.28698,2796.881,304.9908,36.6854,3.653E+15,27.696513,0.5,3.739,0,2.73942,1.21208
38830000,0.04022,0.06327,5025.032,607.4867,25.6094,4.18466E+15,27.815327,0.5,14.9054,0,1.56729,2.09341
38860000,0.01592,0.02165,13680.13,555.7937,21.4759,1.64759E+16,21.129231,0.5,14.9094,0,1.36145,2.39356
39084010,0.13289,0.37049,687.3298,272.3517,37.7784,2.69476E+12,23.688971,0.5,1.8227,0,2.77274,1.20382
39084020,0.16642,0.50347,1235.138,199.353,31.4149,5.16904E+13,25.744829,0.5,2.6125,0,2.9966,1.17559
39100000,0.02306,0.03581,1562.695,626.4376,56.2791,4.37089E+15,25.347168,0.5,12.8609,0,1.59749,2.05499
39130000,0.03479,0.05723,2456.724,597.1786,53.4333,1.60528E+15,24.540951,0.5,10.9986,0,1.64688,1.99637
39140000,0.01642,0.02888,4923.184,525.5985,47.766,1.75651E+15,22.674721,0.5,10.4832,0,1.75842,1.86753
39145000,0.02171,0.03915,5609.093,496.4076,46.95,1.1588E+15,22.333454,0.5,9.5519,0,1.79917,1.82731
39150000,0.03538,0.06558,6223.861,466.3069,45.0419,1.04064E+15,22.245282,0.5,9.0506,0,1.84688,1.78041
39170000,0.21224,0.51118,266.2721,290.6783,49.0307,2.75791E+12,24.916699,0.5,4.94,0,2.3853,1.39351
39185000,0.0728,0.14646,7291.783,424.8369,43.2818,6.62781E+14,22.872657,0.5,8.4152,0.0039,1.98817,1.66053
39187800,0.05694,0.11443,7326.816,423.1582,43.1906,6.62811E+14,22.922073,0.5,8.3887,0.0039,1.98817,1.66053
39360000,0.11233,0.20927,2932.417,686.5217,45.3518,1.90213E+15,26.826477,0.5,6.2385,0,1.85328,1.78433
39480000,0.53541,1.84016,1312.683,354.0475,41.2522,2114998190,28.309393,0.5,5.8286,0,3.41303,0.9854
39540000,0.04963,0.09185,2609.624,631.3418,32.158,1.1476E+17,30.101423,0.5,4.8003,0,1.8353,1.77709
39560000,0.21865,0.50671,4933.947,553.7925,42.8912,7.41635E+13,30.139698,0.5,4.5875,0,2.31747,1.4175
39580000,0.45989,1.50778,742.4262,292.5417,40.322,4006729282,28.523353,0.5,6.4605,0,3.27855,1.01654
39760000,0.28443,0.74477,3317.206,538.0773,46.553,7.88116E+12,35.637252,0.5,4.9988,0,2.61846,1.26944
39770000,0.27787,0.74287,3579.766,509.593,46.1785,5.35427E+12,35.237072,0.5,5.3233,0,2.67343,1.25791
39870000,0.2678,0.73155,2590.348,499.5577,41.5425,4.63234E+12,29.865046,0.5,4.5276,0,2.7408,1.21292
40025000,0.49426,2.28295,310.5112,1103.6045,95.5054,22134.00481,26.021731,0.5,14.8265,0,4.62156,0.62967
40037000,0.54135,2.4724,769.6448,1013.7697,61.3974,10642.90045,24.76963,0.5,2.9058,0,4.56715,0.63117
40040000,0.43472,1.85906,243.9665,849.125,38.1836,180.3266854,23.787536,0.5,5.4054,0,4.36021,0.66142
40050000,0.42955,1.85322,5367.495,874.7217,46.4148,4158.43579,24.561527,0.5,3.4512,0,4.33596,0.67445
40053000,0.2883,1.17949,300.6643,778.4833,42.2966,0.010677756,24.409362,0.5,7.1725,0,4.01728,0.72626
40060001,0.44358,1.92701,569.7409,980.4051,56.8684,8045.814213,22.9962,0.5,21.9937,0,4.34424,0.65551
40100000,0.35293,1.4741,13864.51,788.1524,38.3948,24696.1924,23.947463,0.5,4.3238,0,4.17681,0.7013
40150000,0.28179,1.13474,2507.077,938.9681,53.2572,64.34428806,22.54823,0.5,7.8667,0,4.05821,0.69764
40170000,0.27536,1.09476,1064.494,846.4704,42.6929,7.073754773,23.5363,0.5,10.1801,0,3.97574,0.73228
40185000,0.26824,1.06585,1947.981,850.8066,43.0971,8.269133435,23.621876,0.5,9.9867,0,3.98369,0.72163
40330000,0.27769,1.11052,7377.735,864.8943,47.0801,34.82170244,23.232873,0.5,8.2692,0,3.96022,0.73198
40500000,0.24592,0.94425,781.5616,687.0887,31.0919,208818.9944,24.909709,0.5,6.4804,0,3.80206,0.78953
40549998,0.35891,1.44868,462.5336,1004.5517,40.7982,169.1492202,23.129484,0.5,5.5181,0,4.03638,0.68617
40579995,0.40077,1.59159,573.2303,1020.9668,49.7036,2494.020391,23.133711,0.5,24.6665,0,3.97132,0.70569
40680000,0.35133,1.47147,496.1387,1000.7595,36.4271,60.22960292,21.546191,0.5,7.1608,0,4.18833,0.66298
40710000,0.3908,1.58912,2792.967,1002.3368,45.9401,325.6191963,22.407062,0.5,12.6199,0,4.06633,0.68374
40740000,0.31284,1.27752,4152.992,993.7091,52.0616,380.3382466,22.467444,0.5,13.4105,0,4.08363,0.68765
40800001,0.29689,1.21488,5782.513,968.3332,52.4457,462.9136638,22.78783,0.5,14.1493,0,4.092,0.69636
40810350,0.24355,0.97698,10.8335,978.2593,69,6.150494012,23.212258,0.5,18.1817,0,4.01132,0.73004
40810800,0.25861,1.03994,56.7799,951.5265,74.7152,20.15811878,22.468732,0.5,18.7402,0,4.02119,0.72825
40811100,0.26388,1.07079,110.5797,929.4374,70.52,10.80214493,22.376727,0.5,14.5045,0,4.05789,0.72166
40822995,0.19192,0.76508,116.4489,918.2948,66.8871,36.41245828,22.203185,0.5,10.1382,0,3.98651,0.74226
40823500,0.25853,1.02942,166.4637,892.62,62.3094,67.63165265,21.981068,0.5,10.043,0,3.9818,0.74314
40850000,0.29468,1.16909,8809.335,911.9686,49.0588,357.1165686,23.034438,0.5,11.6021,0,3.96725,0.7317
40975000,0.44847,1.79018,966.776,892.3142,40.9162,6906690.579,30.88588,0.5,1.6567,0,3.98066,0.75795
41050000,0.3876,1.5224,1190.013,915.2114,45.868,6119.69813,29.027498,0.5,3.0248,0,3.92772,0.73436
41135000,0.29835,1.14489,62730.28,793.4274,39.3678,69898.84507,24.922744,0.5,7.8607,0,3.85045,0.78759
41199998,0.40539,1.70003,1536.88,1114.3324,81.0389,12299.00562,24.205943,0.5,44.9573,0,4.23252,0.68511
41260000,0.33807,1.41421,3703.261,988.9686,69.174,3924.189758,25.346342,0.5,34.9874,0,4.16901,0.70509
41300000,0.32656,1.30257,622.6836,1018.2229,77.1418,402.4111448,25.622146,0.5,37.3492,0,4.00183,0.7108
41380000,0.27329,1.00411,559.9738,840.5392,52.0606,41691.73801,24.071944,0.5,5.0304,0,3.6689,0.81579
41410000,0.29478,1.15652,7094.991,908.1472,60.1042,1824.693815,24.575149,0.5,24.4256,0,3.94152,0.74693
41440005,0.29205,1.02398,241.4485,794.6995,37.8567,43.45202293,24.623727,0.5,4.1945,0,3.50622,0.86865
41539998,0.26889,0.93417,471.8271,776.9889,38.3906,184.2044001,24.031925,0.5,2.8496,0,3.4742,0.88055
41650002,0.27084,1.01711,10700.89,836.0369,50.4867,10524.70665,23.826436,0.5,17.0338,0,3.73382,0.79557
41685000,0.09681,0.30895,823.3358,641.229,23.6057,5367103.866,25.346654,0.5,12.7873,0,3.19152,0.95178
41780002,0.43084,1.54856,3945.635,1031.7067,70.9964,14150116,31.229277,0.5,9.0567,0,3.59009,0.85007
41818000,0.27994,1.02891,16679.68,864.0339,53.9487,124807.3034,25.937526,0.5,14.6027,0,3.62663,0.82524
41890000,0.39815,1.20726,1420.264,904.5215,67.7181,377954917.3,33.325333,0.5,14.1539,0,3.04327,1.00353
41990000,0.2625,0.90477,26613.62,843.7149,52.8741,1935352.153,27.6599,0.5,13.7954,0,3.44971,0.8757
42089998,0.18041,0.5283,4362.933,799.211,44.1843,8920927.297,27.469029,0.5,14.6478,0,2.92827,1.03733
42100000,0.19239,0.55088,534.8029,874.9717,56.052,69027.15913,28.251096,0.5,10.1746,0,2.88553,1.10295
42187000,0.11389,0.32242,1308.911,850.5176,29.6083,3434076.772,27.521594,0.5,9.8461,0,2.83096,1.10729
42210000,0.25653,0.90891,107767.4,796.0062,42.3179,631713.2701,26.272839,0.5,9.8886,0,3.59402,0.84687
42250000,0.34245,1.35589,465.9088,752.2243,58.4018,140320.137,30.916467,0.5,3.2208,0,3.95943,0.78405
42255000,0.28805,1.10341,247.915,787.67,46.5649,542263.0344,27.466838,0.5,31.4978,0,3.84818,0.82611
42257000,0.28863,1.12246,2020.186,696.8417,41.0799,641460.6205,29.053139,0.5,11.7493,0,3.90939,0.80921
42290000,0.27511,1.07302,7787.908,679.8433,36.7191,875003.9227,30.051517,0.5,8.0236,0,3.89985,0.80255
42395000,0.27989,1.07663,12913.24,698.8156,33.9273,4429452.002,30.057969,0.5,8.5181,0,3.86699,0.80609
42440000,0.34476,1.30338,557.8229,769.5555,51.8748,14935.16414,28.165016,0.5,11.0242,0,3.8511,0.82909
42490000,0.31339,1.13885,5316.796,877.576,32.3794,14550.90482,37.058124,0.5,17.1421,0,3.64519,0.85818
42540000,0.30557,1.104,5868.841,854.828,32.7451,19814.814,36.029945,0.5,15.8287,0,3.6446,0.85889
42546000,0.30219,1.09231,563.5296,817.6544,34.1302,4008205.688,34.755219,0.5,10.534,0,3.58964,0.87652
42690001,0.24984,0.93121,30197.51,702.6361,30.9411,6200832.498,31.996322,0.5,9.9979,0,3.70981,0.85075
42750000,0.23716,0.87495,33528.03,696.6052,30.8435,17032562.84,31.830569,0.5,9.8052,0,3.6844,0.85793
42840000,0.37944,1.41823,202.8134,887.1512,33.8315,455250.0477,31.436709,0.5,2.7605,0,3.75242,0.82968
42930000,0.25582,0.94127,40965.95,700.6464,30.0413,92533715.35,31.345847,0.5,9.576,0,3.63854,0.87099
43200000,0.24637,0.8826,155090.2,763.1704,38.179,5148610.049,27.814361,0.5,9.654,0,3.58241,0.86164
43300000,0.34324,1.19712,3125.494,883.7792,46.9011,58822028.87,36.537044,0.5,18.0204,0,3.50887,0.91949
43670000,0.26362,0.88055,18425.53,756.9724,37.9646,1732726430,33.522011,0.5,14.7378,0,3.34152,0.96204
43675000,0.29517,0.9812,2281.457,783.4214,29.1961,1484909549,35.057253,0.5,5.34,0,3.29619,0.98568
43880000,0.24116,0.81114,23604.39,737.071,34.9727,8251634823,33.403653,0.5,12.768,0,3.2962,0.97815
44200000,0.2409,0.84822,185185,753.1855,37.0516,22922395.42,28.67587,0.5,9.9904,0,3.52098,0.88364
44250000,0.17454,0.52622,3231.536,690.1646,22.465,8.61232E+16,30.668514,0.5,12.7987,0,3.01484,1.10167
44290002,0.2445,0.85763,196049.6,746.4833,36.2591,52316658.8,28.78354,0.5,9.9228,0,3.48522,0.89563
44500000,0.22705,0.78228,204924.4,741.2066,35.7514,66616222.16,28.901125,0.5,10.2018,0,3.44543,0.90744
44540000,0.09227,0.23964,630.1869,634.7589,27.1835,3234819109,23.874268,0.5,12.6458,0,2.59721,1.27141
44670000,0.03628,0.09303,12264.69,662.9424,31.2099,4690185.287,28.779009,0.5,7.8306,0,2.5641,1.23425
45131000,0.27307,0.87389,6069.801,753.9767,23.3905,6.24784E+14,33.045909,0.5,7.5126,0,3.2002,1.02374
45170001,0.26998,0.83064,5823.409,733.8583,21.3994,1.95034E+16,31.780002,0.5,7.8046,0,3.0766,1.06844
45210000,0.25877,0.8057,12581.74,738.2499,22.5424,2.12711E+15,31.910535,0.5,7.275,0,3.11357,1.05411
45220000,0.12197,0.35408,2372.74,736.4572,20.0265,9.72143E+15,30.633866,0.5,27.9889,0,2.90315,1.14836
45260000,0.22231,0.67705,16284.56,723.8371,22.3834,6.19926E+14,31.151169,0.5,10.0476,0,3.03791,1.08346
45298000,0.20904,0.68242,256995.2,723.8026,34.2766,274903329.6,29.286941,0.5,9.7009,0,3.26462,0.96348
45480000,0.19848,0.64015,275269.1,712.6603,33.4655,327929132.4,29.434363,0.5,9.4665,0,3.19171,0.98895
45590000,0.22083,0.67516,3880.309,794.4623,13.9213,1.54127E+15,32.723747,0.5,14.8734,0,3.05734,1.08669
45770000,0.27119,0.84705,5680.924,797.5399,15.9447,5.46148E+14,31.826457,0.5,6.9075,0,3.12076,1.05917
45840000,0.28531,0.89752,7047.743,790.0161,16.1402,3.07341E+15,31.001378,0.5,7.9522,0,3.14489,1.039
45880000,0.22746,0.68521,9453.065,762.8481,18.1714,4.1973E+14,29.521165,0.5,9.129,0,3.01617,1.08455
45910001,0.18609,0.55869,29484.01,764.7686,16.4804,5.32451E+14,30.745408,0.5,17.2289,0,3.00219,1.0948
45960001,0.18664,0.55661,30996.37,756.7392,17.041,2.03498E+14,30.385572,0.5,17.2172,0,2.98226,1.10183
46035000,0.1968,0.62116,312707.1,713.4802,31.5155,1188885417,29.567764,0.5,10.2374,0,3.15632,1.00523
46105000,0.19013,0.59585,321332.3,708.4586,31.2881,1222953657,29.608019,0.5,10.2299,0,3.1339,1.01385
46360000,0.17659,0.53825,351975.4,707.6151,32.8834,2086315574,29.719048,0.5,10.4291,0,3.04669,1.04741
46455000,0.2006,0.65993,6270.943,796.1852,9.7729,2.81806E+12,35.500601,0.5,9.1025,0,3.28929,1.00137
46570000,0.11988,0.43081,2691.486,807.5257,5.9726,6595078967,43.687418,0.5,4.2854,0,3.60609,0.91014
46610000,0.15251,0.46791,32877.42,759.5684,14.8733,6.79297E+13,32.989801,0.5,15.1605,0,3.11801,1.06819
46650000,0.13882,0.43044,35821.92,741.559,16.0175,2.74543E+13,32.857082,0.5,14.6187,0,3.08838,1.07931
46770000,0.13046,0.40406,6926.2,737.5377,16.353,2.57828E+13,37.002618,0.5,17.3673,0,3.09714,1.12287
46830000,0.14853,0.44669,18301.11,696.4222,21.0603,1.18065E+13,33.962799,0.5,15.0889,0,3.00742,1.13994
46902000,0.16923,0.50098,46360.12,680.6737,14.9748,5.9257E+12,33.858402,0.5,14.9771,0,2.95713,1.1362
47480000,0.00441,0.00716,9270.728,871.9581,30.5002,19499792949,33.059995,0.5,10.132,0,1.6183,1.98468
48020000,0.12152,0.33586,525840.7,678.8937,29.0736,77748138564,30.562936,0.5,11.6141,0,2.76388,1.18474
48290000,0.12108,0.32848,545413.3,671.1303,28.6111,1.07337E+11,30.583934,0.5,11.593,0,2.71295,1.20657
48590000,0.11854,0.31151,571951.1,663.3665,28.2996,1.54618E+11,30.375413,0.5,11.5212,0,2.66222,1.22994
49330000,0.11038,0.28362,619185.7,648.0553,28.0533,3.12831E+11,29.888922,0.5,11.6304,0,2.56944,1.27544
49370000,0.10776,0.27684,623843.6,645.1927,28.0432,3.43487E+11,29.819153,0.5,11.5761,0,2.56079,1.27925
49705000,0.10754,0.27543,638461.7,637.9287,28.1908,4.18639E+11,29.6449,0.5,11.4136,0,2.54227,1.28794
50040000,0.12911,0.37284,727.8442,155.6368,21.2628,3.52671E+11,25.387812,0.5,4.7264,0,2.89036,1.15981
50047000,0.34302,1.07149,291.79,119.2655,21.9801,1.90152E+12,35.292902,0.5,5.6176,0,3.16004,1.13292
50146000,0.00888,0.01237,7283.176,486.3145,22.907,2.71957E+15,19.893005,0.5,7.2046,0,1.38006,2.28466
50150000,0.00968,0.01409,8678.525,490.5326,26.2874,7.94109E+14,19.589858,0.5,8.1851,0,1.45503,2.17206
50191000,0.04763,0.0791,15805.63,396.7745,25.9404,3.13285E+13,19.111137,0.5,8.2802,0,1.66023,1.91604
50250000,0.0387,0.06657,2928.947,297.532,28.2584,2.87032E+12,19.836644,0.5,3.3324,0,1.71545,1.82681
50290000,0.08919,0.18437,4462.4,245.2289,25.4355,3.69981E+12,24.329682,0.5,3.5262,0,2.06071,1.53479
50330000,0.16112,0.30805,665.0096,734.9173,70.1761,6.69314E+11,30.891205,0.5,24.3577,0,1.90898,1.75454
50380000,0.08127,0.16544,2855.01,599.8671,54.0354,6.88272E+12,30.588553,0.5,16.2152,0,2.01689,1.61878
50420000,0.07352,0.13745,1304.515,664.4667,62.5856,1.00124E+12,26.983883,0.5,16.0584,0,1.90565,1.66011
50430000,0.04272,0.08536,2313.331,589.7817,54.675,2.70452E+12,27.516975,0.5,14.8779,0,1.99247,1.56389
50465000,0.04787,0.08522,11834.96,509.3716,36.8905,2.22111E+14,27.948685,0.5,13.095,0,1.78029,1.78242
50540000,0.02857,0.04274,27982.18,423.439,30.3133,8.49239E+14,23.898988,0.5,7.8292,0,1.53149,2.04081
50595000,0.03265,0.05226,35133.49,392.7402,29.5987,3.1492E+14,23.400689,0.5,7.6354,0,1.59964,1.95129
50620000,0.0311,0.06271,2896.081,287.834,24.0829,1.80032E+14,24.106214,0.5,5.5056,0,2.0267,1.52069
50660000,0.07936,0.18844,4393.693,239.8113,24.0233,2.10805E+13,27.878223,0.5,7.8449,0,2.38611,1.30027
50720000,0.03021,0.0649,1209.655,241.2686,17.6619,1.56538E+14,23.723328,0.5,1.3567,0,2.15006,1.42033
50730000,0.0299,0.07224,529.0432,269.8552,27.8519,2.15199E+13,34.758163,0.5,2.7748,0,2.41607,1.27791
50740000,0.10829,0.29671,460.03,217.0526,43.4279,1404947190,35.783555,0.5,8.1858,0,2.74548,1.12384
50755000,0.09012,0.241,3192.069,213.5955,28.2357,7.8197E+11,31.073435,0.5,3.0805,0,2.67762,1.15462
50785000,0.13845,0.40719,4485.958,189.6012,26.6927,1.31726E+12,30.8383,0.5,7.4301,0,2.94565,1.06488
50795000,0.15092,0.45143,4703.062,184.3641,26.2644,1.32446E+12,30.773106,0.5,8.5925,0,2.99612,1.06386
51060100,0.19215,0.59119,397.9096,193.0618,23.1504,15521368149,34.165525,0.5,5.0939,0,3.07853,1.04826
51120000,0.25423,0.59323,2344.329,1139.5642,62.0124,50267814064,42.647584,0.5,13.6083,0,2.33342,1.36188
51140000,0.07617,0.14819,6181.844,963.3448,53.0579,16860094326,36.753245,0.5,21.437,0,1.95857,1.61978
51170000,0.03789,0.07777,2803.366,709.5613,36.1075,4649968383,29.06235,0.5,19.4154,0,2.0501,1.47204
51230000,0.28369,0.65391,2102.947,671.4576,62.6939,10755485027,25.891994,0.5,32.7277,0.0132,2.29791,1.31523
51240000,0.13435,0.28688,16417.18,830.5101,52.3254,13719870116,33.465723,0.5,20.415,0.0017,2.1354,1.4504
51280000,0.10847,0.22112,22760.99,723.5602,53.5862,1.13191E+11,32.058641,0.5,16.8685,0.0049,2.03866,1.49294
51330000,0.07608,0.15077,32018.47,652.3963,48.4924,4.36807E+11,30.082528,0.5,15.1577,0.0035,1.98169,1.52184
51350000,0.08023,0.15739,37863.95,599.8803,44.8249,2.63051E+12,28.723414,0.5,13.7653,0.0029,1.95598,1.54218
51430000,0.01041,0.01983,5040.751,639.523,33.8338,6.85346E+13,26.564735,0.5,14.4126,0,1.87635,1.65717
51440000,0.02477,0.04295,7131.012,539.6754,27.4088,2.89481E+14,25.518446,0.5,13.3506,0,1.72683,1.78286
51460000,0.03386,0.05664,11566.03,432.6488,25.023,4.43956E+14,23.092124,0.5,9.5004,0,1.66952,1.83477
51560000,0.14977,0.45029,1348.28,193.942,26.2484,10997652680,31.770057,0.5,6.9477,0,3.00452,1.0789
51685000,0.06984,0.14777,6475.221,595.4622,57.2797,2.51901E+11,32.131857,0.5,14.3424,0,2.11601,1.4285
51750000,0.3569,1.22852,273.8261,325.5816,59.5924,79770.07493,22.939847,0.5,22.7535,0,3.45864,0.86459
51795000,0.31449,1.2294,1146.492,225.2406,38.1131,494743.3894,25.359989,0.5,29.7871,0,3.88463,0.76493
51820000,0.24244,0.7654,1096.17,334.0104,63.8521,1283.334885,21.061195,0.5,22.7927,0,3.13864,0.87863
51840000,0.10618,0.26027,355.4435,699.7019,48.6054,60240698.65,28.836288,0.5,16.2506,0,2.44857,1.18701
51870000,0.38231,1.09328,832.6296,568.6095,67.8564,375335.8087,23.324068,0.5,27.6485,0,2.85632,1.01756
51940000,0.43276,1.7114,269.7242,269.9638,42.4809,279.6790914,23.546182,0.5,16.9979,0,3.96486,0.73396
52050000,0.07995,0.21203,2266.14,1027.3928,108.3501,47627742835,32.5655,0.5,26.8997,0,2.57083,1.26547
52370000,0.0288,0.05693,7934.546,715.3304,41.8945,82979344543,28.580404,0.5,32.5019,0,1.96349,1.55849
52404000,0.03051,0.05883,29678.15,698.3992,53.6412,1.22011E+12,29.783752,0.5,24.1424,0,1.9216,1.62935
52405000,0.03479,0.06673,32611.95,687.2216,54.0033,1.28653E+12,29.483919,0.5,24.447,0,1.91124,1.63196
52570000,0.03114,0.05979,40498.39,654.6652,55.7775,2.06495E+12,28.48499,0.5,24.0128,0,1.85867,1.66661
52680000,0.0394,0.07468,46547.88,636.3789,59.4103,5.68604E+11,27.599741,0.5,26.2639,0,1.88914,1.62916
52695000,0.04794,0.09171,47309.42,629.5785,59.2893,4.12933E+11,27.58259,0.5,26.1629,0,1.90684,1.61098
52760000,0.23283,0.5332,2726.181,649.5293,74.9376,1311505.149,23.554205,0.5,55.4638,0,2.27892,1.30915
52790000,0.23931,0.60677,5246.773,473.6979,67.92,219811.2925,25.987847,0.5,39.4489,0.0018,2.5146,1.15484
52831000,0.07616,0.15404,54049.87,602.9479,60.0996,58526155923,27.268976,0.5,27.3483,0.0002,2.01677,1.51162
53050000,0.29318,1.07614,611.7337,334.3541,114.977,35.42827442,20.258848,0.5,51.0425,0,3.65607,0.77297
53091000,0.27937,1.08958,1197.496,237.9955,76.0648,67.47455049,20.833448,0.5,57.9202,0,3.88937,0.74229
53125000,0.22915,0.55874,831.6328,300.1508,53.5137,159952.1198,21.368013,0.5,57.083,0,2.51115,1.12803
53140000,0.14702,0.39864,2272.235,269.1856,55.3698,170726.1316,27.014986,0.5,36.5005,0,2.64477,1.07248
53160000,0.19049,0.54692,1021.833,310.1645,68.4641,7227.864462,25.755459,0.5,18.5865,0,2.86253,0.97067
53170000,0.14353,0.40649,3890.131,266.5341,58.4565,49724.45136,27.536249,0.5,32.1682,0,2.81916,1.00344
53180000,0.17622,0.50598,3993.096,262.8848,57.8644,46547.89007,27.491473,0.5,32.8014,0,2.86518,0.98732
53540001,0.04268,0.09578,11241.55,889.8864,46.2694,203934170.1,28.834436,0.5,39.1316,0,2.23546,1.38295
53620000,0.03825,0.08602,12923.24,882.9278,44.9711,114379975.7,28.568373,0.5,41.1412,0,2.2401,1.37151
53630000,0.02526,0.05659,16339.08,867.1999,43.2188,96749783.09,28.311465,0.5,44.8364,0,2.22167,1.36798
53650000,0.03024,0.06716,18414,857.2049,43.8852,114546019,28.662446,0.5,44.9601,0,2.20927,1.37031
53780000,0.14044,0.32269,2831.022,680.5829,55.75,22104464.59,26.591954,0.5,55.0854,0,2.28896,1.3058
53880000,0.06917,0.15792,29232.21,722.5582,49.0746,41970099.62,27.877206,0.5,40.7091,0,2.27571,1.30894
53950000,0.08196,0.19141,30473.57,704.6602,50.6118,24917243.71,27.601172,0.5,41.364,0,2.32813,1.27633
54010005,0.30588,0.95284,7700.045,929.8222,72.2972,46051099.11,27.395328,0.5,21.2206,0,3.11512,0.96627
54110002,0.17427,0.48314,4041.095,927.2761,57.4538,949948365.9,27.032751,0.5,14.523,0,2.76202,1.14909
54150000,0.23466,0.68021,16090.64,882.5256,71.7236,83230020.19,26.198712,0.5,24.3966,0,2.89866,1.05502
54165000,0.09226,0.23477,2285.916,846.2741,51.0564,277019282.4,25.978441,0.5,37.9182,0,2.54458,1.23201
54195000,0.18388,0.50664,23458.67,837.9261,68.1763,56904943.96,26.013475,0.5,30.8173,0,2.75533,1.11064
54230000,0.27481,0.86017,2856.734,878.8955,65.7526,21457.54342,25.562635,0.5,29.0746,0,3.13007,0.92114
54260000,0.22442,0.6752,6935.864,868.2279,63.5396,5271.57027,25.411704,0.5,37.9744,0,3.00864,0.95546
54300000,0.16257,0.46347,1085.366,857.3886,63.6735,99770.00638,26.243416,0.5,41.3148,0,2.85092,1.03688
54390000,0.19545,0.56251,10816.26,824.275,62.1218,31328.52875,25.220305,0.5,38.1949,0,2.87804,1.01549
54485000,0.09479,0.25197,1188.58,800.8037,75.6709,1549066.279,23.60194,0.5,56.8544,0,2.70901,1.09815
54500000,0.15868,0.44336,16002.5,785.9414,64.7722,97151.60952,24.775997,0.5,41.7561,0,2.79406,1.04896
54580000,0.16128,0.4355,45598.76,790.8973,68.9191,5705845.397,25.403475,0.5,36.4386,0,2.70028,1.11219
54590000,0.11483,0.28289,1327.055,779.8074,81.6727,618742.5745,21.220076,0.5,61.8443,0,2.51187,1.17524
54710000,0.16025,0.42719,50603.99,780.0544,71.0196,5589333.197,24.960144,0.5,39.0755,0,2.66579,1.12393
54730005,0.15207,0.40658,1893.528,641.7231,93.7739,80108.75827,20.145805,0.5,65.7279,0,2.64502,1.09912
54770000,0.06915,0.17305,2817.884,726.6329,80.9388,530090.4742,22.824375,0.5,68.505,0,2.50246,1.17462
54780000,0.15534,0.41203,62785.33,744.8991,74.2055,3199852.798,24.620902,0.5,42.1743,0.0003,2.65244,1.12255
54950000,0.15885,0.41703,68283.32,709.8411,73.0529,3732243.755,24.73606,0.5,39.6737,0.0003,2.6346,1.12555
55330000,0.24717,0.65818,941.599,592.4571,78.1464,4930148.491,22.432431,0.5,41.9825,0,2.66282,1.12572
55340000,0.32889,0.94535,2764.481,382.6398,74.2014,626383.0541,20.623762,0.5,37.5262,0,2.87437,1.01375
55360000,0.51352,1.45328,854.9579,444.8527,60.6467,23572736.41,21.470907,0.5,27.7453,0,2.83005,1.03156
55370000,0.41912,1.2221,1762.957,313.2795,59.8441,7965260.798,22.285942,0.5,20.5587,0,2.91678,1.00164
55380000,0.40923,1.21382,1955.554,295.1914,58.423,9572601.942,22.252248,0.5,20.6287,0,2.94883,0.99075
55460000,0.21101,0.57581,3233.872,342.8646,55.932,55503452.69,19.17582,0.5,16.6279,0,2.7211,1.07237
55520001,0.16574,0.4924,2096.482,642.3915,66.0027,15700.01257,20.052462,0.5,41.3337,0,2.97087,0.9642
55560000,0.26952,0.77972,5143.988,608.24,74.9555,22760.40575,19.911169,0.5,41.6001,0,2.89295,1.00645
55610000,0.18272,0.54358,1857.778,458.5183,71.0196,31371.11827,19.211686,0.5,33.9589,0,2.97493,0.95576
55630000,0.22607,0.65489,9211.65,506.2368,69.739,39079.59012,19.615491,0.5,39.0651,0,2.89685,0.99602
55660000,0.27313,0.76173,1965.451,393.3179,65.7278,215759.5363,19.471328,0.5,35.6632,0,2.7889,1.02775
55699998,0.2005,0.57323,13799.12,443.7094,63.7331,114804.7878,19.767321,0.5,34.3678,0,2.85907,1.00853
55790000,0.37913,1.10884,425.1456,471.3832,101.7227,5280317.05,18.970611,0.5,17.814,0,2.91789,0.98003
55895000,0.23466,0.67913,2467.825,441.2326,90.9278,1853318.24,21.284468,0.5,15.6319,0,2.89181,0.98729
55900000,0.26325,0.75424,220.0957,415.7895,91.3716,1070360.318,24.375441,0.5,21.2009,0,2.86509,0.99096
55920000,0.25261,0.73708,4172.233,365.6916,84.4004,3056257.907,22.174241,0.5,17.7445,0,2.91746,0.9692
55960000,0.20315,0.60017,11962,333.1823,66.7124,5041386.569,21.398222,0.5,16.922,0,2.9431,0.97016
56028000,0.33546,1.37133,1418.38,848.1639,52.8316,85.91124248,22.150247,0.5,33.8281,0,4.08785,0.67113
56055000,0.37669,1.60246,1107.841,801.1469,46.7175,42.07169409,21.845911,0.5,20.5198,0,4.254,0.64924
56065000,0.40821,1.58594,284.5781,779.5154,35.0258,164.6114347,21.504047,0.5,34.0274,0,3.92363,0.69741
56075000,0.35519,1.44948,4277.91,801.9837,49.9002,83.70280268,22.053412,0.5,28.6966,0,4.08084,0.67362
56085000,0.31289,1.05918,334.2861,740.2875,37.8379,140.494719,21.022655,0.5,10.8144,0,3.3852,0.80037
56090000,0.28081,1.02207,327.7102,756.4189,38.7621,38.89824434,21.803195,0.5,22.1227,0,3.66965,0.73909
56110005,0.35509,1.39958,6222.663,765.9841,47.7568,87.83952932,22.281867,0.5,27.0024,0,3.94149,0.69344
56240000,0.46272,1.91278,812.4091,965.3616,83.6431,570.83422,23.062844,0.5,47.6451,0,4.13374,0.66698
56335001,0.4571,1.9012,1350.733,900.3341,81.4308,447.847341,23.082729,0.5,46.7132,0,4.15925,0.65734
56415000,0.32314,1.15769,2035.26,725.3998,66.3847,587.259431,21.993831,0.5,22.0568,0,3.58265,0.75756
56425000,0.35911,1.41572,10092.71,742.9721,57.4037,191.8492033,22.603965,0.5,31.2969,0,3.94232,0.69272
56460000,0.36167,1.34714,620.2209,911.9218,99.3596,38.11711303,22.143846,0.5,32.1823,0,3.74845,0.7412
56484998,0.31423,1.13085,1392.1,792.7662,86.9526,68.56145097,22.822789,0.5,30.3942,0,3.62196,0.77084
56500000,0.41261,1.48324,260.4779,836.6269,105.5227,58.20764115,21.507172,0.5,27.9014,0,3.58733,0.7603
56510000,0.30316,1.0845,1883.267,765.664,87.9665,84.95325038,22.727307,0.5,28.6086,0,3.60872,0.77367
56539000,0.30566,1.16504,16255.32,697.2577,61.1027,290.763575,22.694263,0.5,30.0051,0,3.81151,0.71875
56570000,0.27212,0.93352,851.3281,613.0168,67.939,188.8991484,23.311996,0.5,38.2084,0,3.4305,0.82905
56610000,0.4211,1.7842,1152.377,824.5289,68.0996,14.797897,23.83995,0.5,47.9587,0,4.237,0.64091
56640000,0.41259,1.79284,600.9964,1132.4283,129.2346,6252.158797,22.173158,0.5,69.2148,0,4.36434,0.65525
56659998,0.38962,1.62117,3041.867,864.482,80.6666,127.1305717,24.083868,0.5,52.7827,0,4.16089,0.66488
56696000,0.36514,1.4735,5248.231,817.1776,84.225,370.4844633,23.314297,0.5,52.1597,0,4.03544,0.69063
56719998,0.31077,1.18945,24330.64,695.0516,66.5561,379.7344512,22.911483,0.5,36.1607,0,3.82746,0.72199
56750000,0.43842,1.76882,304.3795,817.0571,84.7482,155.371014,26.008934,0.5,48.6982,0,4.03451,0.71964
56775000,0.43923,1.77414,4125.422,786.4339,81.923,193.3971189,25.985745,0.5,49.9446,0,4.0392,0.71074
56787000,0.42654,1.65033,1275.02,793.1328,84.8781,127.7879785,25.119123,0.5,38.7776,0,3.86914,0.73125
56800000,0.24534,0.91953,1561.201,802.0744,61.9235,0.402327761,25.543812,0.5,63.8309,0,3.74802,0.74119
56825000,0.33456,1.28988,10226.59,753.8238,85.4069,77.37131889,24.940127,0.5,49.3245,0,3.85951,0.73205
56845000,0.25328,0.91496,1037.904,835.3548,50.1729,1.311112627,24.658867,0.5,38.8255,0,3.6125,0.74212
56846000,0.29468,1.04831,1952.033,779.5068,73.8579,81.33360084,24.736302,0.5,37.7884,0,3.58501,0.77228
56850000,0.30619,1.15393,40700.8,689.8718,70.8169,274.6628992,23.607193,0.5,38.8569,0,3.7687,0.73752
56860000,0.24462,0.85033,2598.008,780.0311,62.9188,0.933555195,24.435185,0.5,47.604,0,3.47606,0.77951
56870000,0.27082,0.85856,618.7756,611.978,46.9583,2.296518773,21.479952,0.5,39.246,0,3.17021,0.84129
56891900,0.19857,0.6321,9821.622,585.0186,65.0412,263.5360304,22.352555,0.5,32.1703,0,3.18325,0.85658
56915500,0.14616,0.42693,1395.79,451.4853,64.7585,103397.4909,20.337555,0.5,26.4873,0,2.87388,0.96264
56920000,0.29939,1.07177,55272.3,640.2284,68.8166,456.9829533,23.270045,0.5,35.5501,0,3.57989,0.77358
56940002,0.25524,0.79689,3159.586,545.7153,82.3883,4212.306847,23.541148,0.5,23.2065,0,3.1052,0.90047
56960005,0.38103,1.40564,1096.09,875.657,110.4489,4.423642277,23.104442,0.5,52.2206,0,3.68902,0.74624
56976000,0.41086,1.48927,2284.01,808.6096,101.2101,44.81052168,22.73307,0.5,48.1572,0,3.62477,0.76071
56978000,0.4222,1.52638,2372.002,797.2024,100.4186,49.26857485,22.683182,0.5,47.3786,0,3.61529,0.7627
56983000,0.4253,1.55452,385.9819,855.7859,132.7015,109.4384668,22.517852,0.5,54.183,0,3.65511,0.75165
56988500,0.35422,1.24368,1416.494,655.1372,102.681,785.3260434,22.418652,0.5,43.3041,0,3.511,0.77073
56989001,0.29465,0.96829,1186.65,545.9033,102.7002,28292.41371,20.990127,0.5,28.8122,0,3.28617,0.81678
56990000,0.30277,0.99742,8722.915,577.7742,99.388,2413.570561,22.767,0.5,35.085,0,3.29428,0.82763
56990990,0.38322,1.32287,435.6148,762.509,112.3024,81716.54571,21.185998,0.5,46.2278,0,3.46293,0.81208
56991500,0.32808,1.09425,1341.241,697.3,110.5359,51632.12506,21.070762,0.5,40.9939,0,3.33529,0.84316
56992000,0.26656,0.84168,2167.349,563.4599,109.9328,53579.66575,21.092231,0.5,36.0685,0,3.15755,0.87464
56993551,0.24468,0.72578,897.2387,441.2441,108.2234,125744.79,22.089779,0.5,38.3717,0,2.99824,0.94512
56994500,0.27322,0.93284,76424.28,597.0735,76.1934,1244.428647,22.990481,0.5,33.7903,0,3.44367,0.8031
56994510,0.30193,1.03082,76430.1,597.0487,76.1926,1245.317239,22.990552,0.5,33.7887,0,3.44351,0.80314
56995500,0.32185,0.94796,949.5562,300.1685,106.6801,1402038.695,22.257405,0.5,36.4203,0,2.96695,0.94837
57040008,0.51002,1.81759,91.3643,794.4615,61.7689,5463739.69,14.176639,0.5,92.1722,0,3.56378,0.7866
57130000,0.32544,1.13863,984.0659,838.5918,68.5742,118727.1383,15.785453,0.5,84.6453,0,3.49878,0.83803
57170000,0.30124,1.09851,1040.196,911.3696,72.1146,308745.0476,17.348335,0.5,72.5722,0,3.64667,0.80731
57250000,0.53196,2.24686,218.8343,917.9278,74.599,54220060.77,12.414235,0.5,90.4859,0,4.22373,0.70793
57300000,0.60316,2.24095,292.6094,505.9591,115.568,122718489.2,16.345592,0.5,57.1905,0,3.71535,0.80256
57320000,0.765,2.89171,145.611,491.2058,138.6742,139408739.4,16.212527,0.5,44.3292,0,3.78001,0.82489
57350000,0.58464,2.14851,198.6682,989.8609,118.5576,90771.60195,19.032761,0.5,63.9676,0,3.67489,0.73524
57360000,0.44524,1.6224,427.4346,853.2582,76.3377,3248.628126,20.487303,0.5,46.2422,0,3.64387,0.76457
57370000,0.4409,1.61776,591.7749,852.4205,83.2516,4099.114032,20.559231,0.5,42.4503,0,3.66922,0.75929
57400000,0.43031,1.59025,1034.159,842.0228,104.5842,26504.52345,19.807784,0.5,43.1956,0,3.69562,0.74249
57420000,0.8237,3.27959,338.0899,1205.8041,138.8645,10792.20037,22.661486,0.5,61.2572,0,3.98153,0.6919
57450000,0.46684,1.76969,2214.354,794.6282,106.1028,56348.19385,20.337405,0.5,39.9029,0,3.79078,0.72684
57460000,0.40422,1.52731,2758.126,704.3032,104.6104,113817.751,20.36518,0.5,37.2753,0,3.77101,0.73495
57476500,0.43496,1.5825,427.8273,914.0187,110.9818,6988.275212,18.164917,0.5,66.5697,0,3.63829,0.77414
57490000,0.36963,1.36701,958.436,781.1736,120.3033,55885.61056,18.891451,0.5,54.0046,0,3.6983,0.76158
57550000,0.38506,1.44169,1429.054,726.5136,119.0023,162472.5512,18.60583,0.5,57.0221,0,3.74407,0.74734
57580000,0.39718,1.47442,5149.565,621.8125,107.2886,340557.1479,20.380767,0.5,41.1094,0,3.71223,0.75071
57650000,0.30508,1.0628,461.4693,285.3807,107.8011,15933823.42,22.152044,0.5,41.462,0,3.48011,0.84313
57700000,0.39377,1.4904,447.2659,1071.2909,116.2463,1253.660666,23.268467,0.5,56.1348,0,3.78492,0.72257
57720000,0.58782,2.2418,218.8426,1110.5132,126.9763,11498.73327,21.867783,0.5,51.769,0,3.81375,0.72072
57740000,0.61795,2.43022,399.4926,841.5665,74.8987,9042.530869,21.67041,0.5,40.2399,0,3.93274,0.70574
57770000,0.32896,1.22357,156.1366,586.1098,98.8791,159963.1693,21.761874,0.5,67.7456,0,3.71947,0.75278
57830000,0.4166,1.54158,2792.806,694.5354,87.6136,32334.78667,21.736021,0.5,43.9244,0,3.70035,0.75703
57880000,0.52453,1.89789,368.0148,501.6934,95.2726,328208.6328,19.92418,0.5,57.4047,0,3.61827,0.78747
57930000,0.40812,1.47985,3719.831,595.6206,86.3306,125675.3201,21.265455,0.5,41.9176,0,3.62597,0.77744
58030000,0.3626,1.50176,776.8073,1154.9157,76.4479,3818739.206,21.470909,0.5,41.4011,0,4.14108,0.66485
58040000,0.31961,1.29305,1938.465,1051.0337,70.5873,2129119.316,21.166726,0.5,38.9752,0,4.04568,0.69395
58060000,0.51732,2.49437,267.9615,1201.3404,75.1846,485690937.4,15.561229,0.5,85.3008,0,4.85774,0.58436
58096000,0.32236,1.29394,4857.682,939.9347,67.075,2804271.124,18.786993,0.5,52.0557,0,4.01913,0.68988
58099000,0.32502,1.29527,4882.433,938.5202,66.8905,2812548.369,18.789734,0.5,51.8744,0,4.01568,0.69047
58142200,0.40215,1.798,413.3761,856.8897,102.0996,1107490.476,17.314034,0.5,46.5048,0,4.47093,0.57173
58183000,0.33259,1.30692,9623.686,838.3254,63.2783,3692240.655,19.666266,0.5,47.2806,0,3.92956,0.68521
58204000,0.33191,1.3082,10798.64,827.2929,64.6006,4626366.132,20.147889,0.5,46.0627,0,3.94136,0.68267
58218000,0.33591,1.329,11547.42,821.4722,64.6756,5330402.452,20.350969,0.5,44.7157,0,3.95639,0.68008
58220000,0.29468,1.19317,252.6749,911.7387,91.8435,656462.6174,20.864228,0.5,53.7552,0,4.04899,0.66926
58235100,0.36189,1.43846,12844.64,823.8876,68.6101,5394609.34,20.236043,0.5,44.2927,0,3.97484,0.67594
58258000,0.63361,3.0772,203.8562,848.3149,156.0731,5109165.842,16.883856,0.5,49.8281,0,4.85661,0.51357
58270000,0.42608,1.75464,405.864,573.606,59.3093,20286634.28,19.665188,0.5,62.5243,0,4.15317,0.6225
58300000,0.33897,1.37158,15880.34,798.9067,73.5966,6169926.635,20.026919,0.5,44.9302,0,4.04694,0.65936
58305001,0.35817,1.44868,16130.57,794.2602,73.1616,6112938.126,20.048011,0.5,44.857,0,4.04471,0.66019
58380001,0.1509,0.60422,19438.27,755.6973,71.9964,3988871.078,19.767554,0.5,44.916,0,4.00364,0.66881
58405000,0.44266,2.28632,428.2249,1071.9414,169.6849,41879.35651,17.54717,0.5,79.9835,0,5.16494,0.54823
58420000,0.39633,1.91749,701.9933,1045.2612,131.3853,874.480239,18.303011,0.5,76.8922,0,4.83806,0.56635
58425000,0.37969,1.77138,908.3255,1003.7981,127.8721,553.5412626,18.554332,0.5,74.1561,0,4.66533,0.58732
58434000,0.2863,1.22043,269.6071,870.2874,119.4011,953.9157073,19.573997,0.5,53.9667,0,4.30853,0.65705
58440000,0.33437,1.52239,2010.287,935.5346,129.5654,1591.805497,18.649599,0.5,67.3443,0,4.55294,0.61187
58470000,0.37382,1.58259,385.3622,872.2345,55.1333,514.9202839,21.090581,0.5,45.2397,0,4.2336,0.63095
58480500,0.42197,1.75687,983.408,817.7989,44.8565,857.1562576,21.465548,0.5,36.8048,0,4.16346,0.64883
58500000,0.37956,1.68789,152.0837,1034.4237,90.4214,1346.697333,21.046396,0.5,37.5725,0,4.447,0.59335
58516500,0.39284,1.6857,2244.641,896.1702,78.4742,987.2337638,20.915759,0.5,49.237,0,4.29102,0.61054
58520000,0.38331,1.61431,3665.553,846.5596,68.2322,1137.73207,21.040203,0.5,43.46,0,4.21146,0.62764
58530000,0.70007,3.67272,283.1068,1354.1194,150.2085,134700.7457,16.580434,0.5,74.5195,0,5.2462,0.47905
58535000,0.6984,3.6073,418.6062,1237.6122,148.5332,127935.1846,16.83111,0.5,73.7429,0,5.16509,0.48879
58542000,0.67675,3.25812,342.306,1004.2092,119.827,64138.67738,18.258699,0.5,79.4042,0,4.81439,0.53395
58550001,0.54373,2.52119,1776.083,894.9128,111.2653,343589.5922,18.643998,0.5,63.755,0,4.6368,0.56115
58560000,0.3665,1.47638,174.0333,677.5648,62.2516,63423.4701,18.954596,0.5,36.1562,0,4.02827,0.65958
58573000,0.35194,1.45553,266.3103,647.7897,73.5186,1340139.475,19.963875,0.5,21.5732,0,4.13569,0.63556
58585000,0.4865,2.14621,3103.394,798.9919,96.6264,362042.8708,19.158033,0.5,48.8853,0,4.41155,0.59533
58610000,0.40267,1.52106,744.7566,645.0665,49.891,2473.318238,20.061255,0.5,39.7205,0,3.77739,0.7126
58620000,0.40297,1.64541,8530.473,772.55,77.0919,11540.64282,20.082834,0.5,43.9955,0,4.13994,0.63831
58630002,0.26085,1.06022,30653.61,766.353,77.2848,400147.4006,19.772383,0.5,45.957,0,4.06451,0.65841
58645000,0.4625,1.88577,290.8781,902.1681,90.127,225.943577,21.221531,0.5,54.2676,0,4.07733,0.66187
58648001,0.40152,1.47494,769.2066,667.5031,95.9584,234.250216,20.716952,0.5,47.2455,0,3.73963,0.72164
58658000,0.39193,1.36995,332.7155,458.4174,55.6189,946.5422414,20.896739,0.5,42.4083,0,3.49537,0.76756
58670002,0.24967,0.87862,581.1687,350.5767,54.8637,1006.329027,19.958549,0.5,30.4858,0,3.56762,0.76463
58710000,0.43588,1.86562,790.7779,722.6222,75.6254,429.4375337,20.77313,0.5,27.2014,0,4.28011,0.62969
58720000,0.57261,2.52188,318.1442,750.4178,73.7171,113.4227049,20.64889,0.5,28.6468,0,4.38646,0.61497
58730001,0.41897,1.76537,1655.384,674.2364,68.0469,746.6378462,20.641361,0.5,28.9664,0,4.21365,0.64365
58735000,0.36291,1.48126,2355.084,603.9948,63.9323,1165.520724,20.269467,0.5,26.268,0,4.08166,0.66631
58736000,0.20805,0.74635,1302.542,482.6088,69.1893,30006.13093,19.313173,0.5,15.1271,0,3.57142,0.76964
58750000,0.47642,2.07514,488.1831,866.0928,58.1216,129.3659553,21.47844,0.5,24.1541,0,4.35573,0.61132
58755000,0.41833,1.80401,805.9353,748.2706,57.523,186.4790294,21.776708,0.5,23.8947,0,4.31244,0.61746
58765001,0.3636,1.49203,1780.703,610.8994,66.8341,905.503222,20.877773,0.5,27.3363,0,4.10346,0.65543
58770000,0.33526,1.3249,5914.664,561.3239,67.012,2466.550434,20.183365,0.5,24.6753,0,3.95183,0.68605
58795000,0.26805,1.06161,43352.8,673.4475,74.172,104920.4151,19.827251,0.5,40.8155,0,3.96044,0.67887
58825000,0.57777,2.91087,223.6788,1208.9425,121.4081,1466.695637,21.484992,0.5,82.022,0,5.03814,0.53903
58827000,0.50009,2.33043,539.1654,1097.4661,128.4326,598.5080554,21.504203,0.5,78.6332,0,4.66004,0.58276
58846000,0.35813,1.57611,1360.575,887.1044,125.6909,161.2278267,22.063761,0.5,69.4673,0,4.40098,0.62354
58850000,0.3363,1.41988,1810.393,781.7779,130.5226,315.7839116,21.740416,0.5,64.0834,0,4.22208,0.64996
58870000,0.21585,0.76382,1124.225,449.7218,81.0317,231.7341291,20.941129,0.5,35.6651,0,3.53856,0.78029
58880001,0.27022,1.06691,46947.09,665.2711,76.6597,74693.01669,19.930837,0.5,41.3007,0,3.94775,0.68257
58910000,0.48363,1.9892,144.7501,767.0455,75.131,6371.475244,21.935747,0.5,42.4724,0,4.1131,0.66962
58916000,0.57786,2.3113,401.0906,947.7749,91.7076,729.23919,21.205645,0.5,27.5404,0,3.99974,0.67951
58917000,0.51474,2.07583,748.9634,869.7687,88.1102,5886.267573,21.457827,0.5,23.5643,0,4.03278,0.675
58920000,0.3876,1.56282,2643.124,598.184,78.3397,32857.15829,20.278403,0.5,33.0666,0,4.03202,0.68069
58930000,0.40155,1.5247,770.9908,849.2332,116.9734,814.2166892,21.077387,0.5,35.402,0,3.79704,0.72005
58934000,0.36573,1.38288,1339.188,727.303,109.1872,3493.011376,20.7433,0.5,39.3725,0,3.78119,0.71385
58940000,0.31961,1.23162,5776.853,551.2197,86.933,19263.71303,20.239547,0.5,36.15,0,3.85358,0.71172
58960000,0.31855,1.18408,7169.306,479.8032,84.133,32541.68224,20.099814,0.5,32.3647,0,3.71711,0.74544
58974000,0.27354,1.06306,55871.36,625.7878,77.7093,82986.98758,20.129121,0.5,39.5226,0,3.88627,0.69814
59100000,0.31022,1.30166,623.1911,439.879,128.8703,861628.3896,18.590579,0.5,49.393,0,4.19588,0.67488
59120000,0.65871,3.71785,64.4022,1188.8221,150.6949,270090.9298,15.176359,0.5,98.7654,0,5.64417,0.48582
59125000,0.60245,3.3785,103.9159,1146.7871,152.8502,247383.0844,15.341122,0.5,97.5403,0,5.60788,0.48896
59181000,0.72415,3.84424,413.3633,308.6511,146.3409,87795043.83,19.869185,0.5,67.9542,0,5.30865,0.53593
59240000,0.58028,2.91896,297.0584,505.6753,186.3223,627899301.6,17.98798,0.5,75.5694,0,5.03027,0.55273
59355000,0.66169,3.15798,19.7034,1645.28,95.3519,158584230.8,17.999596,0.5,81.1659,0,4.77192,0.56707
59370000,0.60917,2.94808,637.3362,1175.9015,141.4573,88265299.67,15.038949,0.5,91.1736,0,4.83951,0.55575
59380000,0.76155,3.67717,80.4906,970.3195,205.4389,847168.8918,12.826966,0.5,77.9956,0,4.83765,0.66892
60010000,0.35972,1.43341,2758.934,954.331,40.0382,21548.64666,29.544344,0.5,2.8359,0,3.98475,0.72347
60011000,0.35227,1.39575,3821.475,936.5378,40.1381,11309.67174,29.065434,0.5,2.1418,0,3.96219,0.72708
60100000,0.41493,1.67362,79.0263,1032.9923,39.0284,149.0699137,27.883038,0.5,4.561,0,4.03354,0.72439
60110000,0.29531,1.16438,1972.576,898.838,37.6442,13533.80766,26.861063,0.5,6.6764,0,3.94291,0.77053
60130000,0.35009,1.38392,134.7011,966.8604,35.0763,980.6634745,29.528817,0.5,3.7384,0,3.953,0.76811
60145000,0.44682,1.77087,86.2637,1018.1124,30.0983,2349.957457,32.966408,0.5,2.8154,0,3.9633,0.76611
60220000,0.50794,2.32104,1083.348,1155.7904,49.0096,2751312.999,29.135201,0.5,8.5749,0,4.56948,0.62834
60250000,0.45374,1.96126,1299.959,1060.7853,45.225,432643.3174,26.106479,0.5,8.7247,0,4.32239,0.65672
60265000,0.41886,1.77398,1355.314,1051.2676,44.3659,65743.07296,27.832475,0.5,9.6038,0,4.23527,0.67283
60381000,0.34378,1.39871,787.829,940.4485,20.6544,612.9993302,41.073258,0.5,10.1882,0,4.06865,0.74492
60435000,0.41947,1.70492,107.5587,1147.4321,33.1965,437844.6022,43.182518,0.5,20.5106,0,4.09835,0.75093
60435100,0.45482,1.87036,19.5378,1115.4632,31.7692,4770676851,45.474524,0.5,6.1033,0,4.11229,0.75414
60435200,0.29502,1.1908,111.4548,1216.9594,38.9333,16411565.11,43.75851,0.5,10.5911,0,4.03628,0.76834
60435300,0.44048,1.81032,15.8327,1165.3766,41.9286,83920874.35,43.688824,0.5,10.9195,0,4.11304,0.74576
60436000,0.2266,0.92769,422.8809,1160.4142,34.6107,7647685.15,43.77548,0.5,15.0552,0,4.09401,0.75751
60471200,0.27608,1.01411,198.899,1033.0807,33.403,53377.71764,39.548252,0.5,14.9816,0,3.67329,0.85663
60473000,0.26798,0.97814,217.2273,1108.1581,38.4885,10007.37099,48.590782,0.5,9.4252,0,3.64999,0.86964
60476100,0.30913,1.1473,678.1466,1069.6883,37.8881,70158.45232,43.305549,0.5,11.9115,0,3.71139,0.84783
60477400,0.23294,0.92976,235.2623,1166.1696,38.3037,277747.3986,38.704017,0.5,29.6814,0,3.99135,0.77842
60477600,0.35994,1.45969,126.055,1103.9527,24.7305,100774.3487,41.87711,0.5,25.7971,0,4.05537,0.76162
60478500,0.34678,1.39895,136.8551,1109,29.5348,29655.8243,42.414342,0.5,25.2174,0,4.00708,0.76623
60478600,0.26238,1.03086,31.2368,1121.3882,27.9231,10.1384135,41.266474,0.5,51.4706,0,3.92884,0.79087
60490000,0.33123,1.28112,2133.404,1070.1788,35.9879,504312.8103,41.770574,0.5,17.2792,0,3.86723,0.80449
60500000,0.32986,1.28416,4112.976,1005.3126,36.8597,195708.6405,38.015375,0.5,18.7531,0,3.89164,0.80116
60615000,0.3724,1.43714,193.6525,826.5183,22.1519,14198.74632,37.396026,0.5,2.9823,0,3.85919,0.82498
60635000,0.28139,1.15949,526.2377,882.5742,43.2749,78420.57097,32.570767,0.5,28.3735,0,4.12055,0.7365
60640000,0.25599,1.05581,1723.493,850.3481,39.269,112090.8081,32.824978,0.5,26.0973,0,4.12439,0.74175
60642000,0.26293,1.0976,784.6029,888.3376,43.102,48892.24732,32.874388,0.5,40.7494,0,4.17454,0.7329
60650000,0.29805,1.23386,2831.855,853.6296,38.8558,295528.9291,34.103578,0.5,28.4668,0,4.13972,0.73902
60653000,0.35158,1.48148,50.8109,1056.0847,34.6493,14384.67321,40.240772,0.5,24.3292,0,4.21379,0.73202
60654000,0.2647,1.13256,1285.626,891.9124,42.5558,20289.43718,32.68535,0.5,32.3675,0,4.27869,0.70163
60665000,0.30815,1.32012,1239.203,789.8744,36.6805,108705120.1,32.794776,0.5,22.4124,0,4.28405,0.73055
60680000,0.27283,1.13655,11492.79,755.2608,37.2751,630971.873,33.451008,0.5,20.5343,0,4.16575,0.73802
60715000,0.25206,1.02466,4625.559,711.5023,36.6569,323690.5347,31.911832,0.5,19.6238,0,4.0652,0.75077
60750000,0.24577,0.97486,2637.114,654.4998,30.3828,155994756.3,31.257929,0.5,17.9411,0,3.96655,0.78217
60765000,0.2344,0.92583,7828.282,593.8206,24.7886,16908691.48,30.833921,0.5,10.0816,0,3.95151,0.7969
60772000,0.24277,0.97221,17153.49,620.7414,29.0754,1019647.362,31.347121,0.5,11.8296,0,4.00464,0.78235
60774000,0.49195,1.95037,983.2164,883.7974,28.6197,77401.611,34.495339,0.5,8.2061,0,3.96459,0.77016
60778000,0.41882,1.69358,814.3106,840.6862,26.1368,222172345.5,36.1893,0.5,4.7867,0,4.04369,0.77085
60781000,0.3978,1.577,5866.107,802.5566,25.365,15610614.53,34.087807,0.5,7.7205,0,3.96428,0.78233
60790000,0.38145,1.51728,8646.124,771.8894,25.5849,20616740.28,32.930674,0.5,8.3694,0,3.97767,0.78164
60798000,0.36596,1.47946,12676.28,727.2148,25.586,2479305.25,30.960051,0.5,9.0676,0,4.04265,0.77489
60810000,0.32804,1.27105,1351.332,641.8473,22.4386,0.440585297,31.610411,0.5,0.8149,0,3.91485,0.81093
60850000,0.33104,1.38539,2448.873,686.2028,33.5086,32871536152,24.630189,0.5,10.0296,0,4.18494,0.74316
60855000,0.29668,1.1922,5223.887,637.8601,32.5146,9.05399E+11,23.535242,0.5,9.952,0,4.01844,0.77954
60910000,0.44211,1.80858,625.0314,866.667,27.9755,14990288.8,36.965166,0.5,28.0775,0,4.09556,0.76564
60925001,0.21093,0.80561,3528.823,481.2602,27.5882,5.58303E+17,16.97673,0.5,6.2762,0,3.81941,0.83474
60930000,0.39041,1.66676,1426.433,833.2547,11.9307,17559413.26,35.320098,0.5,27.3296,0,4.26921,0.71738
60940000,0.41865,1.77539,3091.322,806.5756,19.4917,20476230041,33.346454,0.5,24.0715,0,4.24076,0.72469
60950000,0.36002,1.53697,6665.733,674.7385,23.1647,1.33881E+15,24.585065,0.5,19.2463,0,4.23886,0.73169
60960000,0.12554,0.53074,1232.916,751.9082,20.84,8484182463,27.867173,0.5,16.8321,0,4.23127,0.71908
60968000,0.41955,1.76526,4707.704,702.8159,22.2358,1.65703E+13,24.923986,0.5,18.6279,0,4.20751,0.72669
60970000,0.41872,1.75754,5233.518,683.6819,24.6345,5.10434E+13,23.876045,0.5,18.0129,0,4.19738,0.73118
61009000,0.45576,2.28744,528.0866,1297.6435,90.1113,2732.121444,20.625751,0.5,52.3579,0,5.01892,0.50116
61012000,0.4488,1.98239,2055.416,1157.2204,57.5218,1590.449925,21.28372,0.5,22.0016,0,4.41707,0.59906
61014000,0.42243,2.14688,285.8806,1659.836,174.7726,3381.426875,20.373244,0.5,68.7847,0,5.08217,0.49278
61024000,0.57261,2.86197,539.6353,1540.7364,165.5775,3313.904586,20.676092,0.5,58.583,0,4.99809,0.51
61031000,0.53006,2.60212,104.5836,1321.5701,107.3811,346.1624851,22.048441,0.5,25.1895,0,4.90913,0.52467
61045000,0.36371,1.61134,391.113,1104.3678,58.5486,238.3801013,21.864073,0.5,17.5663,0,4.43027,0.60105
61052000,0.34826,1.52904,280.6018,1107.3494,59.599,390.3911825,21.867916,0.5,8.357,0,4.39054,0.61448
61060000,0.4369,1.97986,1971.388,1225.125,89.4659,754.9183813,21.519862,0.5,26.2123,0,4.53158,0.57505
61075000,0.39416,1.60779,991.813,1089.6629,47.2662,386.9367682,21.779042,0.5,13.4448,0,4.07906,0.65768
61078000,0.38551,1.54098,1818.95,1062.4382,52.5514,1189.871329,21.765752,0.5,12.6259,0,3.9972,0.6784
61085000,0.4799,1.97826,552.0104,1135.066,29.5076,8992.904884,22.211255,0.5,21.1985,0,4.12222,0.65635
61090000,0.45644,1.85339,1008.926,1112.6261,32.7267,3521.518709,21.970499,0.5,15.3732,0,4.06053,0.67416
61100000,0.40218,1.64035,188.7259,1116.549,34.0232,211.0036656,21.745321,0.5,21.8165,0,4.04749,0.66268
61105000,0.4065,1.67796,829.9658,1064.9114,33.4619,385.49611,21.564892,0.5,11.1432,0,4.12779,0.65933
61107000,0.39793,1.62625,2698.846,1078.3712,34.6506,1160.619866,21.64923,0.5,14.5464,0,4.08673,0.66542
61115000,0.44904,1.87322,605.0852,1075.9687,32.8073,125.3978239,22.785013,0.5,8.9404,0,4.17161,0.65474
61122000,0.36367,1.47252,272.0858,1029.9436,26.7669,145.5291524,20.883936,0.5,14.7451,0,4.04909,0.67419
61135000,0.39055,1.61579,5982.302,1041.2466,36.6511,1440.024894,21.484777,0.5,10.4437,0,4.13717,0.6631
61173000,0.3463,1.30419,384.6311,971.387,43.4747,9.318585622,21.230715,0.5,16.9811,0,3.76611,0.72912
61175000,0.34337,1.29003,1015.211,959.5811,40.5852,27.53657996,21.383705,0.5,13.1013,0,3.77492,0.73615
61250000,0.59472,2.79268,106.8284,1691.1494,65.4271,6213839.05,18.475375,0.5,46.7981,0,4.69582,0.54217
61267000,0.30756,1.38524,111.5068,1508.1221,126.4984,404.277899,17.43,0.5,80.9637,0,4.50749,0.57722
61271000,0.46025,2.09228,844.5026,1468.2649,124.7828,6498.6029,18.535957,0.5,57.3212,0,4.546,0.5577
61280000,0.55481,2.4284,251.0897,1488.7482,135.0477,797.5354568,23.224912,0.5,44.5922,0,4.37702,0.59949
61285000,0.44913,1.93495,541.4924,1375.5819,140.6043,1228.74001,23.245311,0.5,39.1537,0,4.30818,0.61269
61295000,0.35246,1.49663,167.0094,1177.6832,159.5413,1282.832636,20.680818,0.5,45.4929,0,4.24621,0.59637
61305000,0.38573,1.64124,2782.766,1221.3219,113.8071,2525.922375,21.426861,0.5,35.8065,0,4.25494,0.60732
61320000,0.4123,1.82626,476.9829,1239.8521,117.7367,17382.81067,18.189659,0.5,66.5871,0,4.4044,0.57639
61343000,0.53195,2.15781,245.2334,1349.4401,109.8109,520.2834364,23.346444,0.5,38.883,0,4.05642,0.63393
61350000,0.38339,1.57945,1341.772,1167.4364,110.1093,4020.68454,20.931362,0.5,41.891,0,4.11972,0.62419
61370000,0.44557,1.76662,685.3109,1058.9075,79.5236,1369.777411,22.772189,0.5,8.5556,0,3.96485,0.65268
61390000,0.42932,1.73514,497.5496,1003.8397,83.0168,13199.27265,21.9875,0.5,13.885,0,4.04162,0.63414
61410000,0.39446,1.62128,7342.423,1107.0191,95.0665,2358.41376,21.856085,0.5,26.8006,0,4.11007,0.62608
61460000,0.42068,1.8115,1845.195,1135.7683,105.7141,665.8248501,22.034724,0.5,31.592,0,4.30615,0.59274
61473000,0.52436,2.31048,620.193,1309.4645,122.1693,1255.711871,22.42857,0.5,35.9772,0,4.40629,0.58359
61500000,0.41316,1.74377,758.9417,1106.3237,105.662,1135.455191,22.201641,0.5,29.5757,0,4.2206,0.61681
61510000,0.42132,1.78736,4225.086,1113.3438,96.355,573.9182036,22.417296,0.5,30.0229,0,4.24231,0.60579
61520000,0.37094,1.44364,863.7856,985.4137,44.7934,1973.013242,22.206575,0.5,21.3455,0,3.88394,0.68592
61537000,0.38754,1.59565,6343.644,1061.282,79.3005,544.2519578,22.05475,0.5,27.1372,0,4.11741,0.63505
61565000,0.51173,2.15782,337.4281,1260.1958,43.1182,2319.583442,23.408297,0.5,7.3164,0,4.21669,0.62005
61610000,0.39963,1.64621,874.7216,981.6482,46.9866,3239.365854,22.365402,0.5,11.4864,0,4.09436,0.69525
61700000,0.35397,1.50168,470.0988,959.3602,52.9804,360520.5293,22.455658,0.5,11.3615,0,4.2424,0.69882
61770000,0.33766,1.45677,226.562,997.664,47.6844,1395243.474,18.12511,0.5,15.6556,0,4.34942,0.68089
61795000,0.34081,1.44075,1984.94,741.159,30.5485,676705.9577,24.826862,0.5,14.9023,0,4.23213,0.73676
61815000,0.27923,1.15971,75.4397,964.9077,48.1796,13828.97527,20.411574,0.5,16.3722,0,4.19674,0.69156
61826000,0.29959,1.24775,662.6665,855.756,49.9651,1317.71048,17.660834,0.5,24.1384,0,4.16486,0.68004
61830000,0.32943,1.37225,8482.476,912.66,53.3523,3812.764663,18.204877,0.5,20.3967,0,4.16552,0.68195
61886000,0.37006,1.51597,4639.653,931.7591,61.7055,121202.0596,15.939123,0.5,16.9317,0,4.09595,0.65875
61902000,0.30785,1.22954,10128.04,814.8461,48.7334,68370.69585,14.661125,0.5,19.6229,0,3.9939,0.69956
61910000,0.30443,1.21484,12314.12,793.8961,48.2241,98201.92475,14.452282,0.5,21.9865,0,3.98169,0.70561
61912000,0.33919,1.34392,13924.35,772.9972,46.2809,87641.53996,14.490642,0.5,23.1327,0,3.96218,0.71459
61915000,0.29771,1.16632,17357.66,738.72,42.8305,16013.63775,14.124765,0.5,20.8109,0,3.91764,0.73222
61953001,0.21803,0.7917,587.6042,572.6653,28.6084,9.58871E+12,10.665991,0.5,3.0821,0,3.64285,0.84077
61956001,0.22414,0.78791,619.3532,565.543,27.6947,1.80867E+13,10.461369,0.5,3.5633,0,3.61227,0.84085
62420000,0.25417,0.92972,706.1842,657.0454,28.5491,1.9602E+12,12.281816,0.5,5.8167,0,3.615,0.77688
62477100,0.27664,1.04444,1987.831,780.0117,35.0809,322017890,15.246176,0.5,42.7644,0,3.77541,0.73275
62490000,0.30026,1.04455,363.4279,845.3139,49.2134,22901820.16,13.495793,0.5,36.0163,0,3.46274,0.77179
62600000,0.1375,0.56268,1682.448,1128.5959,84.2125,29851.07668,16.5638,0.5,31.1552,0,4.09218,0.65909
62615000,0.16467,0.66487,2188.467,1058.9806,77.8993,89716.02019,15.842182,0.5,28.5062,0,4.0375,0.66801
62622000,0.38799,1.57687,381.3892,1085.9612,68.3571,2559.292948,15.75755,0.5,14.6258,0,4.08093,0.65973
62625000,0.35056,1.42617,655.6534,1014.5221,67.782,15493.51654,14.850458,0.5,19.8477,0,4.03643,0.67325
62670000,0.20197,0.80822,1132.406,980.548,80.0341,114937.0378,15.800522,0.5,51.2854,0,3.99815,0.62891
62715000,0.24977,0.96082,10886.25,795.8763,51.139,8895697.373,13.399024,0.5,19.0313,0,3.84384,0.72757
62760005,0.35182,1.41428,222.7891,821.0249,38.3987,154116806,14.03247,0.5,36.5575,0,3.97541,0.7478
62760150,0.39476,1.55275,215.8577,775.4665,28.9949,518143435.1,14.196025,0.5,34.779,0,3.88554,0.75708
62767500,0.31362,1.23295,784.8226,766.8792,38.3275,6449113.199,13.195938,0.5,41.4366,0,3.90292,0.76169
63250000,0.32484,1.25351,2896.831,576.6906,26.4278,2.66901E+23,15.161416,0.5,19.0555,0,3.85885,0.81517
63350100,0.29618,1.14235,14330.16,498.45,25.0803,7.7101E+22,14.696364,0.5,20.0349,0,3.85689,0.80742
63790000,0.18653,0.65158,709.0958,406.4985,24.4154,1.93682E+20,10.857542,0.5,1.1317,0,3.56531,0.83114
63950010,0.28008,1.07738,2519.487,510.0677,15.1634,8334508.618,13.763829,0.5,16.948,0,3.84673,0.80448
63950100,0.29383,1.11026,3806.602,489.7438,17.1512,6546361741,13.15417,0.5,16.7212,0,3.77858,0.81745
63955000,0.27112,1.01057,13498.84,435.0923,21.0732,6.2385E+16,12.148145,0.5,18.9896,0,3.70281,0.82377
63970000,0.28308,1.06416,30708.15,453.4189,22.8994,2.58452E+18,12.429788,0.5,19.567,0,3.73291,0.82002
64040000,0.50034,1.87544,528.4377,775.5545,42.9252,1621.324704,11.976263,0.5,68.1707,0,3.78333,0.67298
64065000,0.32001,1.16556,1504.543,749.7406,32.5496,1064927.397,13.125103,0.5,46.8845,0,3.63184,0.72655
64075000,0.32787,1.18459,2475.739,722.2859,30.9711,3611602.958,12.634267,0.5,40.5362,0,3.60746,0.73412
64231000,0.40359,1.55259,1535.374,924.3248,53.7385,31.67597562,11.641481,0.5,69.97,0,3.84693,0.65329
64315000,0.29864,1.10194,3342.955,734.5823,25.4413,146983.979,12.076963,0.5,29.6226,0,3.72237,0.76562
64327000,0.27544,0.99728,891.6689,545.0334,34.4393,8.04118E+12,9.261048,0.5,11.7162,0,3.65016,0.79114
64346000,0.27468,1.00248,657.0999,451.6123,26.193,7.81124E+16,9.353758,0.5,5.2913,0,3.65329,0.81615
64360000,0.35098,1.39175,2018.545,798.5549,49.0763,21.29462517,11.065482,0.5,29.0609,0,3.96533,0.66097
64362000,0.34974,1.35846,3987.661,679.6236,42.9781,2469.676106,10.896934,0.5,16.0452,0,3.88422,0.6839
64370000,0.31139,1.20379,5613.994,640.5807,42.4972,681.961724,10.732867,0.5,12.3739,0,3.85318,0.69785
64380000,0.30614,1.20753,1066.623,746.462,49.7734,1.099537384,9.464066,0.5,37.8923,0,3.9451,0.65712
64382000,0.32822,1.27588,2639.057,656.2674,45.1468,25.60059151,10.613381,0.5,20.2173,0,3.88731,0.67629
64395000,0.31497,1.12936,1534.673,505.8229,26.4369,4.02337E+11,9.058689,0.5,3.7815,0,3.62736,0.81779
64442800,0.40699,1.7655,1336.852,861.5447,31.0924,5.09824E-09,9.0396,0.5,61.5563,0,4.33794,0.54456
64447000,0.42321,1.80671,5687.232,865.5114,32.7211,2.23146E-06,10.664037,0.5,43.0355,0.003,4.269,0.58419
64453000,0.52855,2.18655,1041.012,978.8486,35.857,0.001317771,11.890896,0.5,29.6689,0,4.13688,0.62169
64465000,0.44179,1.86559,8911.756,881.7073,35.3055,1.42485E-05,10.922057,0.5,39.6049,0.0019,4.22285,0.59972
64477600,0.49127,2.02399,1562.726,1029.7058,26.5965,0.004271004,13.486423,0.5,37.7897,0.0881,4.11992,0.62992
64501000,0.41425,1.74719,18739.55,872.2375,42.2274,0.000205159,10.985941,0.5,42.3449,0.0084,4.21777,0.61018
64504210,0.416,1.75243,20704.45,850.977,42.6404,9.80212E-05,11.099157,0.5,38.7845,0.0076,4.21261,0.61769
64504550,0.35188,1.48599,336.8424,589.4406,41.9136,5.02308E-09,12.067663,0.5,5.7722,0,4.28284,0.67377
64506000,0.39815,1.68293,21854.95,835.7381,42.4147,7.4681E-05,11.127082,0.5,36.9446,0.0072,4.21229,0.62442
64507000,0.39151,1.64849,21979.94,833.6796,42.3844,7.54467E-05,11.129539,0.5,36.7665,0.0071,4.21057,0.62467
64508500,0.3546,1.37582,1036.59,639.8128,42.1292,1.14586E-06,12.024961,0.5,8.461,0,3.86408,0.72588
64550000,0.32519,1.30402,4488.6,523.6064,35.6645,2902.618774,11.197751,0.5,5.5242,0,4.03311,0.72436
64575003,0.29558,1.14925,663936.1,658.7415,33.7346,3396800181,19.671858,0.5,15.5074,0.0002,3.88817,0.7708
64613000,0.2308,0.84495,4459.452,410.6628,14.1352,546.0218222,13.339689,0.5,16.6086,0,3.6609,0.84566
64613800,0.23174,0.8402,6473.562,386.9606,15.0963,13502.68076,13.015664,0.5,18.2094,0,3.64644,0.84713
64614000,0.25522,0.97436,28395.09,415.3821,16.9164,636.3118337,12.56835,0.5,16.8468,0,3.81768,0.79642
64617000,0.26265,0.99991,31701.37,406.867,17.3802,41509.73874,12.443336,0.5,16.5143,0,3.80705,0.79623
64618000,0.32771,1.25322,1199.247,381.8258,23.2286,1.40214E+22,9.599773,0.5,7.4607,0,3.82099,0.78051
64619950,0.51752,2.40466,1073.128,863.0056,47.6853,2.08862E-09,8.155142,0.5,68.0486,0,4.64646,0.52985
64620000,0.50996,2.36633,1103.696,860.6982,47.0961,2.69067E-09,8.178164,0.5,67.6812,0,4.64024,0.53056
64625000,0.44068,2.02399,3611.266,803.0086,59.1687,2.57881E-07,8.164563,0.5,64.1201,0,4.59288,0.54542
64645000,0.45861,2.12986,8611.819,812.3407,59.5062,4.91077E-09,8.297088,0.5,46.2178,0,4.64416,0.54551
64652000,0.37034,1.64827,2648.332,673.3715,67.1186,0.406799116,9.54248,0.5,24.0011,0,4.4507,0.58815
64655000,0.4221,1.93824,12816.98,761.429,60.5455,4.39076E-07,8.636529,0.5,37.8042,0,4.59195,0.56336
64659000,0.42524,2.00221,3315.66,618.0574,54.5227,2.83217E-10,8.053026,0.5,20.6487,0,4.70843,0.57766
64660500,0.44095,2.01571,19573.68,700.6222,56.7731,1.08203E-07,8.94784,0.5,31.3007,0,4.57123,0.57897
64671000,0.4392,2.0751,846.8068,677.7099,32.4826,5.88451E-14,12.115945,0.5,17.9219,0,4.75787,0.5675
64673000,0.44302,2.01239,1532.186,598.2366,34.0145,2.28334E-11,12.083545,0.5,16.8065,0,4.5551,0.59276
64675002,0.4114,1.86668,23272.28,668.9443,53.3712,8.21505E-08,9.299097,0.5,30.1385,0,4.53741,0.58804
64682000,0.40097,1.67637,813.812,460.4179,34.263,3.07666E+16,11.499898,0.5,17.6024,0,4.18078,0.6695
64685000,0.40046,1.78805,28624.45,625.1688,49.4856,1.51304E-05,9.786137,0.5,27.5461,0,4.46495,0.60555
64693000,0.39841,1.74024,34669.2,580.3525,45.9614,0.264064488,10.249141,0.5,24.1144,0,4.36793,0.62444
64700000,0.34543,1.52849,1815.647,488.3896,23.0361,0.675709461,11.74479,0.5,19.0036,0,4.42481,0.6572
64717000,0.32514,1.34948,8954.058,415.9912,21.9915,106279621.7,11.450787,0.5,16.9668,0,4.15689,0.70401
64723000,0.42699,1.90885,1085.518,411.8772,19.4224,1.58646E+15,13.32046,0.5,12.0699,0,4.4705,0.64479
64764000,0.56185,2.87548,1677.9,912.9999,46.5159,3.46585E-16,8.797637,0.5,48.0765,0,5.11674,0.49818
64767000,0.50579,2.6458,3545.68,807.6742,53.2016,4.47755E-15,8.011722,0.5,44.5486,0,5.23104,0.4924
64771500,0.48966,2.56894,4137.902,772.1735,53.6483,1.52936E-14,7.913462,0.5,43.1061,0,5.24636,0.4916
64773000,0.64878,3.40044,691.3014,852.2587,66.7961,2.14343E-12,8.721456,0.5,44.2781,0,5.24129,0.50571
64775000,0.50195,2.63744,2522.175,663.9647,53.2779,1.32504E-11,9.22546,0.5,39.8694,0,5.25435,0.50909
64776100,0.46503,2.43716,7620.979,706.943,53.7098,2.76777E-13,8.325774,0.5,40.1863,0,5.2409,0.49693
64785000,0.38008,1.86152,1339.931,601.1165,38.205,2.25185E-12,12.777858,0.5,14.0205,0,4.89772,0.547
64795000,0.46875,2.42516,11226.2,667.6466,50.7205,1.52725E-13,8.720847,0.5,33.6466,0,5.17372,0.50768
64799500,0.50965,2.62826,12078.81,657.0801,49.7935,1.44511E-13,8.803239,0.5,32.052,0,5.15697,0.51048
64810000,0.488,2.09254,2046.024,500.955,30.8673,20841.5493,13.558868,0.5,8.4199,0,4.28795,0.63293
64815000,0.40869,1.74895,2952.248,465.974,30.0679,68896950.55,13.461671,0.5,10.0399,0,4.27939,0.64347
64820000,0.4651,2.28568,17415.32,595.1075,44.1179,8.683E-09,10.183766,0.5,25.9111,0,4.91442,0.54387
64830000,0.45168,2.19819,20946.81,565.0495,42.0858,9.52862E-09,10.471072,0.5,23.2313,0,4.86673,0.55299
64843000,0.32257,1.26221,758335.3,630.4988,33.0184,1448071480,18.655412,0.5,15.911,0.0002,3.913,0.76244
65006075,0.33573,1.48051,373.4279,934.2583,28.7723,0.112579677,15.872704,0.5,56.4008,0,4.38905,0.58755
65009000,0.72272,3.08403,544.2497,933.5429,25.8632,0.575466438,16.343074,0.5,46.2726,0,4.29078,0.60101
65010000,0.48056,2.28495,107.9639,931.2018,25.3642,0.022202404,14.106137,0.5,66.6401,0,4.75472,0.4971
65015400,0.47979,2.14954,257.0335,931.3088,26.1255,0.001473805,13.131489,0.5,66.6667,0,4.48012,0.54032
65021000,0.33554,1.40591,28.5718,1010,30.4875,1.17771E-07,13.391397,0.5,71.5151,0,4.19001,0.61795
65021250,0.3966,1.66199,40.1467,1000.4231,29.2566,1.42177E-06,12.861191,0.5,63.0342,0,4.19001,0.61795
65021770,0.41643,1.71197,26.2434,982,26.5556,3.23601E-06,12.637297,0.5,39.1156,0,4.11107,0.62981
65024000,0.25202,1.02287,188.4661,951.2434,26.1985,0.0003983,11.933752,0.5,40.1096,0,4.05875,0.63793
65025000,0.48148,1.99393,2314.519,926.5096,22.5189,0.015240878,13.994424,0.5,44.2491,0,4.14126,0.61191
65027000,0.46794,1.88553,231.2387,934.4858,23.1818,4.41631E-05,11.207289,0.5,40.9057,0,4.02941,0.62434
65060000,0.46554,1.93579,5996.266,894.9529,28.4099,4.22708E-05,12.063332,0.5,52.1481,0,4.15813,0.59219
65095000,0.45744,2.01427,2582.629,899.0816,33.0336,2.10916E-05,10.044082,0.5,78.9455,0,4.4034,0.52985
65100000,0.457,1.99202,3419.215,892.0228,32.2244,6.70625E-06,9.931133,0.5,79.6496,0,4.35889,0.53089
65135000,0.46714,1.97939,599.025,917.7293,32.7257,0.000117349,10.84584,0.5,71.1432,0,4.23721,0.56648
65136550,0.45791,1.9094,948.932,900.9542,30.4896,0.000138232,10.581366,0.5,63.248,0,4.16984,0.57684
65180000,0.49892,2.18507,766.1714,898.5903,50.3189,9.01239E-09,8.891396,0.5,81.5789,0,4.37958,0.53568
65220000,0.45114,1.93216,18470.7,871.8461,30.2026,1.22169E-06,10.794235,0.5,65.8248,0,4.28287,0.55856
65310000,0.46633,2.02016,24053.72,888.6992,34.7444,1.40372E-07,10.564224,0.5,67.9616,0,4.33207,0.55131
65809000,0.5333,2.59923,308.3815,1148.7078,39.5774,9.19115E-17,9.145893,0.5,76.16,0,4.8739,0.51237
65815050,0.53971,2.69289,2215.652,1055.5616,35.3534,7.02102E-17,10.23011,0.5,39.6296,0,4.98952,0.51215
65855000,0.4645,2.41488,1511.283,842.7165,44.09,4.67251E-17,9.006528,0.5,50.2607,0,5.21762,0.4935
65925000,0.60891,3.20184,1642.416,1095.4401,31.4308,1.51548E-17,8.142086,0.5,43.504,0,5.25829,0.47248
65945000,0.44938,2.4656,551.4279,725.48,39.4926,1.26485E-20,6.939915,0.5,29.1422,0,5.4867,0.47723
65948000,0.82705,4.64865,273.2533,776.9102,48.0052,1.87262E-18,5.119744,0.5,27.7639,0,5.62077,0.46259
65960000,0.5367,2.90441,6685.487,808.0978,40.0777,4.85154E-18,7.289334,0.5,31.153,0,5.41165,0.47752
65979000,0.53188,2.81087,1309.97,593.1324,53.5539,1.15782E-13,7.20107,0.5,26.4178,0,5.28477,0.50537
65986000,0.49114,2.41091,63194.82,827.9092,44.7415,3.80461E-12,9.0049,0.5,54.8505,0,4.90879,0.50923
65987000,0.50376,2.47487,63830.27,823.1438,44.6922,3.89224E-12,9.007883,0.5,54.8953,0,4.91143,0.50929
65993000,0.48888,2.40611,67014.78,799.0004,44.0133,5.75493E-12,9.147434,0.5,55.6135,0,4.92165,0.5105
66006000,0.43824,2.24253,1647.129,386.3567,19.168,4.91994E+14,26.479558,0.5,33.7432,0,5.08039,0.63997
66160000,0.42614,2.00488,4334.958,367.1112,35.5119,9.83015E+14,23.552387,0.5,24.5128,0,4.77278,0.69633
66260001,0.3575,1.5114,23486.51,375.063,31.8222,2.24476E+16,22.523332,0.5,29.8653,0,4.22765,0.79479
67100000,0.12266,0.3837,565154.2,250.4358,16.2115,1.0074E+14,26.124793,0.5,50.9348,0,3.13334,1.01943
70100000,0.60701,2.69079,515.2479,1394.9449,76.343,3.89422E-07,9.831275,0.5,75.8649,0,4.43515,0.52219
70200000,0.56191,2.61447,2768.006,1210.008,70.6396,6.03684E-08,9.511561,0.5,69.7718,0,4.66357,0.50369
70300000,0.6464,2.87682,1158.106,1299.6477,74.9324,8.33988E-09,8.807613,0.5,65.9046,0,4.45047,0.53012
70500000,0.70691,3.18101,536.0328,1108.3566,35.9394,1.09393E-10,9.398243,0.5,31.4679,0,4.53734,0.53397
71200000,0.72676,3.15836,1003.974,1188.4726,123.9397,1.2844E-05,9.04721,0.5,86.3116,0,4.34583,0.53126
71250000,0.59866,2.60114,488.1934,1114.3247,129.7475,1.38188E-05,9.155215,0.5,79.8486,0,4.34493,0.52407
71300000,0.61535,2.67308,1981.574,1110.9737,111.3567,1.19217E-05,9.154151,0.5,84.3422,0,4.34399,0.52816
71350001,0.57377,2.50499,3314.156,1029.6564,83.0752,9.8383E-06,9.412252,0.5,85.3446,0,4.36584,0.52235
71383000,0.54882,2.40822,4698.219,990.8031,68.8791,1.11376E-05,9.544622,0.5,84.5662,0,4.38803,0.51931
71498000,0.5233,2.40975,3623.569,1019.3209,41.6809,4.09063E-12,8.950686,0.5,71.5982,0,4.60493,0.51197
71550000,0.55897,2.52277,10035.29,986.4555,54.8716,7.3183E-09,9.353528,0.5,78.2101,0,4.51324,0.51228
72430000,0.48992,2.47505,1625.554,742.6307,32.5322,2.02964E-15,10.452003,0.5,16.8665,0,5.06403,0.47773
72630000,0.47792,2.46978,2804.367,659.5102,41.4711,1.34459E-14,8.926823,0.5,14.1662,0,5.16779,0.47661
72680000,0.54125,2.78422,3661.316,650.4278,45.064,1.58245E-14,8.777047,0.5,17.9486,0,5.14405,0.47975
72715000,0.50361,2.35573,801.9351,1044.6992,42.0462,1.14475E-12,9.023121,0.5,74.2797,0,4.66262,0.51938
72810000,0.51746,2.48211,1996.005,1002.0886,53.2468,3.1105E-13,8.729682,0.5,74.9195,0,4.80297,0.50462
72849000,0.46693,2.3015,3718.665,954.6304,62.9912,4.60288E-14,8.822667,0.5,72.6193,0,4.91829,0.48911
72870000,0.51642,2.56084,434.4838,818.3639,47.8966,6.75756E-17,10.512486,0.5,41.8528,0,4.95291,0.50739
73300000,0.57984,3.23877,636.0369,1016.4243,65.3151,7.6115E-15,8.000839,0.5,67.6952,0,5.57995,0.43558
73330000,0.53653,3.1084,931.0657,948.2247,77.632,4.90264E-15,7.772475,0.5,62.593,0,5.78791,0.41993
73350000,0.53342,3.10773,1478.877,840.2994,83.2112,1.31335E-14,7.560722,0.5,58.1084,0,5.82719,0.4258
73550000,0.46863,2.28495,52443.39,866.8665,55.6704,5.77351E-12,9.399682,0.5,51.8406,0,4.87584,0.49148
73600000,0.65655,3.52438,1832.914,1096.748,37.1591,6.071E-16,9.016997,0.5,35.0262,0,5.36115,0.46614
73690001,0.55939,3.06522,744.046,1111.5329,45.4282,9.61192E-14,8.861903,0.5,82.5071,0,5.43232,0.44179
73765000,0.52031,2.83538,268.5705,606.0213,71.5204,2.85529E-15,6.26742,0.5,43.8131,0,5.44938,0.46242
73770000,0.5429,2.99818,5561.787,893.6249,46.0925,1.49479E-15,8.600478,0.5,36.9211,0,5.52257,0.44895
73780000,0.532,2.9632,647.7493,687.4536,71.962,6.8642E-15,6.190631,0.5,41.1556,0,5.54397,0.46303
73820000,0.52785,2.93069,1039.526,637.6588,70.7253,7.11885E-15,6.255857,0.5,39.563,0,5.50803,0.46605
73900000,0.62457,3.39913,414.1025,525.1895,50.2869,2.51443E-15,6.965207,0.5,32.2917,0,5.44237,0.47358
73960000,0.53417,2.93465,8239.977,781.9479,52.616,3.94194E-15,8.257444,0.5,38.1669,0,5.49387,0.45699
74100000,0.51721,2.56886,61950.73,845.8557,55.3778,2.19624E-12,9.241798,0.5,49.7192,0,4.96674,0.48662
74205000,0.54416,2.80935,437.7997,541.729,34.7589,8.5369E-14,9.723208,0.5,11.4867,0,5.16272,0.48333
74270000,0.64408,3.31751,5362.912,492.7763,38.275,2.50669E-13,8.254279,0.5,16.0661,0,5.15075,0.49114
74295000,0.56182,3.07479,297.8578,505.1112,53.6509,1.4157E-14,6.933315,0.5,38.4223,0,5.4603,0.47144
74320000,0.54182,3.05262,612.1706,670.5887,71.9719,2.0971E-13,6.749537,0.5,38.3582,0,5.63403,0.46136
74370000,0.61074,3.15161,2018.366,493.2358,34.769,9.44517E-13,8.309037,0.5,19.1959,0,5.16033,0.49743
74460000,0.53815,2.75827,480.277,514.6633,24.5428,3.87445E-12,10.129904,0.5,5.9132,0,5.12547,0.50286
74470000,0.51718,2.6366,1546.694,460.4595,33.7307,1.71633E-12,8.787363,0.5,8.6776,0,5.09798,0.50557
74700000,0.55605,2.82413,1130.641,322.8126,27.4255,1.93161E-12,9.158673,0.5,3.4872,0,5.07893,0.5184
74750000,0.50108,2.55478,344.9188,312.1145,27.9,4.54663E-11,8.505842,0.5,5.1543,0,5.08869,0.52098
74800000,0.51639,2.6136,94494.54,693.9298,52.7425,5.1713E-12,8.685828,0.5,45.3091,0,5.05276,0.49011
74880000,0.51829,2.64362,810.7059,314.5684,26.3518,1.22928E-10,9.60517,0.5,3.362,0,5.10064,0.51914
74900000,0.54745,2.76527,1268.762,273.3349,27.9432,6.30101E-10,9.052781,0.5,5.6893,0,5.0512,0.52422
75200000,0.4895,2.38967,808.2337,381.4339,22.6627,4.63266E-10,10.862321,0.5,3.6903,0,4.89093,0.50015
75205000,0.47203,2.32597,965.6801,369.3568,22.6328,1.94675E-10,11.521429,0.5,3.9402,0,4.91717,0.49748
75230000,0.54015,2.70423,5470.806,398.8043,24.8286,1.96879E-11,10.859985,0.5,4.4556,0,5.00685,0.49866
75295000,0.51454,2.59017,2166.21,366.2839,20.4663,3.92166E-08,10.751064,0.5,3.0542,0,5.03396,0.48428
75320000,0.51074,2.54171,9450.111,361.1416,23.9477,1.79486E-10,10.813959,0.5,4.4304,0,5.0298,0.49613
75450000,0.47703,2.38208,3233.233,272.3846,22.3445,1.59599E-08,10.548932,0.5,3.6271,0,4.98153,0.49735
75500000,0.43876,2.19128,5235.831,234.1261,21.7596,6.06457E-08,11.86911,0.5,4.0065,0,5.03858,0.49991
75550000,0.4378,2.20853,115027.6,618.0648,47.6508,2.23208E-11,9.205824,0.5,38.6047,0,5.04464,0.49332
75600000,0.78557,3.80986,379.1562,282.3317,24.1117,0.000133101,9.864754,0.5,3.6184,0,4.83882,0.50689
75700000,0.44066,2.15817,3701.577,191.1121,19.792,0.000134834,14.646302,0.5,5.7435,0,4.81715,0.51966
75780000,0.4772,2.39712,123233.8,584.19,45.4967,1.00897E-10,9.850727,0.5,36.9217,0,5.02332,0.49667
76085000,0.49481,2.46446,1516.976,415.9875,23.0652,1.47809E-05,11.205865,0.5,5.0629,0,4.96747,0.47985
76100000,0.43296,2.13787,2763.724,366.9304,33.6649,8.60895E-06,9.752753,0.5,13.7939,0,4.91817,0.47348
76300000,0.39921,1.62532,6033.052,151.8232,15.1115,1573149.512,14.148396,0.5,4.4862,0,4.02601,0.57987
76310000,0.42913,1.74431,12182.37,168.4218,15.0005,83598.79163,14.741782,0.5,4.6404,0,4.02348,0.57645
76460000,0.63225,3.12694,923.8528,325.4672,29.7647,0.000602213,8.221277,0.5,14.2972,0,4.93261,0.49746
76750000,0.40785,1.71153,5940.817,171.4295,24.1039,3478403.825,13.131682,0.5,8.466,0,4.17055,0.57891
77150000,0.4763,2.27051,187175,432.3722,35.335,1.15329E-05,12.289685,0.5,27.2829,0,4.76698,0.5215
81019300,0.41797,1.67568,221.2997,900.4084,77.4215,5.62652E-05,10.054782,0.5,84.7137,0,4.00911,0.5983
81019350,0.41106,1.67303,598.0948,869.1826,70.2235,0.000414143,9.73141,0.5,85.6035,0,4.07304,0.58891
81102000,0.37826,1.62484,1717.383,809.8572,63.8813,0.001886731,9.961112,0.5,83.6748,0,4.29555,0.56407
81107000,0.42585,1.80183,3293.737,802.2399,59.2791,0.005497687,9.816665,0.5,84.0251,0,4.23109,0.57371
81120000,0.36944,1.5075,422.8261,863.3091,78.6585,0.008084069,10.236061,0.5,83.0653,0,4.08043,0.60355
81125000,0.44768,1.81167,423.6967,862.3462,52.8794,0.114166845,10.04913,0.5,73.8847,0.0204,4.04677,0.61098
81135000,0.40676,1.70653,4665.075,790.9265,61.5946,0.013334907,9.822663,0.5,83.0953,0.0018,4.19463,0.58027
81140000,0.32723,1.25328,446.334,716.9622,81.4633,6.291439142,9.549414,0.5,86.9599,0,3.83,0.63951
81200000,0.37679,1.52874,7408.029,762.7028,68.1044,0.283517584,9.909858,0.5,84.7922,0.0012,4.07035,0.60124
81335000,0.39717,1.73079,2866.937,784.2327,73.9863,0.943908724,12.508173,0.5,86.2449,0,4.30486,0.56287
81585000,0.67104,3.15852,88.6104,212.1138,74.9757,85.0942079,14.311686,0.5,89.8139,0,4.77616,0.56792
81683000,0.46708,1.99493,20985.24,605.9456,80.9338,38.24458917,11.878381,0.5,84.8489,0.0004,4.24908,0.57713
82270050,0.86513,4.59696,381.336,708.3258,137.2212,0.356837099,10.975777,0.5,74.0658,0,5.31361,0.43107
82320000,0.65287,3.00823,187.4833,749.4755,79.1203,7.78825E-05,8.305849,0.5,87.0177,0,4.60767,0.48745
82350000,0.59247,2.8937,794.5457,576.5817,106.644,0.038437046,10.359003,0.5,81.0018,0,4.8841,0.45986
82770000,0.70252,3.9991,431.3403,152.6927,65.7845,3652.750425,17.068062,0.5,65.5112,0.0591,5.66973,0.41151
83029900,0.54148,2.40064,655.1413,756.7325,94.6063,1.12878E-05,7.90965,0.5,79.5273,0,4.43351,0.51351
83050000,0.55389,2.47051,1589.504,701.144,91.0852,3.1692E-05,8.434746,0.5,79.6732,0,4.46028,0.51006
83105000,0.43156,1.90027,435.2926,890.7618,133.2221,0.000267073,8.447192,0.5,83.0364,0,4.40321,0.51481
83250000,0.43551,1.86562,1680.865,707.0923,101.4701,0.000162017,9.441723,0.5,70.8377,0,4.28373,0.52202
83300200,0.49479,2.15505,5131.866,641.9899,85.427,0.0001575,9.473718,0.5,74.8267,0,4.35546,0.52024
83345000,0.41327,1.8339,1451.856,683.481,74.0472,2.06177E-06,8.477479,0.5,90.9075,0,4.43749,0.513
83440000,0.42113,1.83695,3339.906,614.2439,89.998,8.04285E-05,8.196076,0.5,86.8597,0,4.362,0.51665
83520000,0.42863,1.86479,9786.549,606.4585,89.4704,0.000230526,8.877847,0.5,80.5649,0,4.35053,0.51942
83675000,0.60488,2.84376,525.2394,691.8405,92.1251,0.000821372,8.822951,0.5,86.6958,0,4.70134,0.47844
83690000,0.5284,2.2994,9846.711,603.93,89.4149,0.000250617,8.91024,0.5,80.4658,0,4.35163,0.51929
83800002,0.52411,2.30519,12000.71,586.8669,90.3077,0.000559126,9.121023,0.5,81.1858,0,4.39831,0.51584
83892990,0.41976,1.75244,273.6703,696.4584,99.9388,0.000165166,8.134616,0.5,77.9221,0,4.15912,0.54883
83892998,0.44719,1.88082,787.6042,588.0885,123.0049,0.012177552,7.613842,0.5,84.731,0,4.19519,0.54411
84071000,0.51736,2.29548,1024.259,705.713,104.027,0.035257377,8.058816,0.5,91.8438,0,4.43691,0.51135
84095000,0.45315,1.93646,649.334,557.7784,126.4186,0.16365904,8.111256,0.5,91.1398,0,4.26808,0.53781
84095500,0.58729,2.58348,1918.409,599.5595,114.2004,0.259734715,8.444946,0.5,90.5662,0,4.38048,0.52492
84150100,0.63516,2.98018,536.271,467.672,119.404,14.42048941,9.382538,0.5,82.593,0,4.67849,0.49812
84249998,0.5461,2.33739,623.1966,567.0655,137.3159,0.021415588,10.986982,0.5,81.1242,0,4.2801,0.54079
84300000,0.64158,2.71772,844.2426,480.743,117.0279,0.076213165,10.638379,0.5,79.9683,0,4.23036,0.54715
84520000,0.56433,2.66146,375.7677,802.2369,121.2654,1.998849059,8.400324,0.5,93.1889,0,4.71617,0.483
84520010,0.61898,2.88939,633.6043,766.4771,128.8369,0.564027137,9.486796,0.5,92.0635,0,4.66796,0.48799
84551000,0.66593,2.94755,387.0584,461.3239,105.188,0.526017266,11.939716,0.5,83.3478,0,4.42619,0.50858
84559800,0.44274,2.01655,1492.303,561.7691,106.7848,1.151622125,10.717465,0.5,84.6274,0,4.5547,0.50182
84560000,0.54223,2.44192,1697.8,524.0814,102.1489,1.744777291,10.812181,0.5,81.8137,0,4.50344,0.50753
84580000,0.56404,2.47703,2753.895,489.5435,105.934,0.788551387,10.512056,0.5,81.2268,0,4.37894,0.52504
84598002,0.5286,2.44,622.4109,549.8823,102.1847,63.47898881,8.61391,0.5,87.3589,0,4.61599,0.51857
84600000,0.55132,2.50856,773.1896,487.5804,97.5848,125.3805007,9.006587,0.5,84.298,0,4.5501,0.52608
84949000,0.61161,2.94289,389.9933,507.1304,158.0566,0.131804428,11.83428,0.5,65.4856,0,4.79175,0.48023
84949800,0.69064,3.27353,905.668,365.1764,121.6325,0.036824766,11.995415,0.5,56.1039,0,4.72025,0.48751
84950000,0.79483,3.71934,970.9401,341.8754,113.8951,0.08792047,12.612907,0.5,52.7942,0,4.65986,0.49382
85400000,0.47693,2.33988,14856.05,429.5034,34.9619,6.08065E-09,9.830122,0.5,14.7643,0,4.91323,0.48948
85438000,0.45501,2.17339,922.9694,192.2719,47.0719,1.097059039,12.988381,0.5,17.6455,0,4.74098,0.48403
85470000,0.40982,1.6957,964.6347,184.6751,18.6401,330438.0115,11.427581,0.5,2.3087,0,4.15604,0.55455
85480000,0.38167,1.60135,2990.191,172.9224,21.8527,243915.8375,12.882105,0.5,5.6641,0,4.19566,0.54997
85600000,0.42082,1.79128,6846.882,127.4003,18.5327,34971.96218,15.183088,0.5,6.2023,0,4.27277,0.54428
85610000,0.48946,2.20094,62.258,323.6331,37.5351,0.808053285,7.158034,0.5,16.1162,0,4.51668,0.49894
85623000,0.48429,2.15247,685.2362,232.2668,30.9243,13241.28094,9.481935,0.5,9.5318,0,4.44459,0.51769
85642000,0.45654,2.12336,27147.72,295.515,30.4929,0.001083627,12.313759,0.5,12.9698,0,4.66666,0.50823
85900000,0.47632,2.18261,38543.45,263.7262,33.7013,0.011729514,12.690027,0.5,18.8123,0,4.59787,0.51157
86100000,0.61714,2.94259,1750.858,986.8924,58.9629,2.524E-05,8.707744,0.5,74.0243,0,4.76736,0.48892
86160000,0.45077,2.25324,1115.214,898.7823,35.1189,1.58322E-05,8.709441,0.5,38.4008,0,5.00398,0.45699
86410000,0.47467,2.29098,2813.692,774.4767,32.3032,2.08699E-12,10.740993,0.5,20.6217,0,4.8523,0.47763
86420000,0.54477,2.6805,312.8192,733.6902,30.9682,1.27991E-12,10.140004,0.5,20,0,4.94446,0.47167
86480000,0.47479,2.39906,1277.477,723.9587,50.5123,6.60146E-11,8.641372,0.5,31.5741,0,5.05293,0.47523
86500000,0.50306,2.52422,1812.283,677.1567,52.4284,1.43034E-10,8.317348,0.5,33.9577,0,5.01777,0.47418
86510000,0.48333,2.34033,15847.53,752.3554,58.725,5.23938E-09,8.840051,0.5,44.5224,0,4.84204,0.47404
86560000,0.50091,2.53968,2029.995,592.2286,59.7204,4.84083E-10,7.776911,0.5,36.8098,0,5.07008,0.4689
86580000,0.51161,2.57041,2456.094,563.0312,65.017,4.90682E-10,7.707396,0.5,39.4338,0,5.02412,0.47319
86700000,0.57162,2.76487,428.9783,477.5352,92.4807,3.63421E-10,6.256585,0.5,66.2024,0,4.8369,0.46822
86745000,0.46675,2.29371,790.4005,596.101,76.905,5.78615E-09,6.823074,0.5,53.925,0,4.93996,0.46186
87160000,0.41394,2.0469,2012.684,747.4948,72.1398,4.62754E-06,8.254208,0.5,52.4352,0,4.95251,0.46421
87170000,0.40065,1.93044,3001.902,615.5709,83.9495,8.60796E-06,8.332962,0.5,57.034,0,4.8274,0.47639
87270000,0.33091,1.54582,4434.824,501.5473,81.5017,4.05994E-05,9.014126,0.5,60.128,0,4.67699,0.49193
87317060,0.47667,2.14756,1759.404,339.1822,121.8648,0.219517931,11.923371,0.5,41.3366,0,4.49438,0.56056
87380000,0.53805,2.36028,2883.128,325.5556,102.5944,0.005103522,11.380075,0.5,51.7729,0,4.38933,0.52948
87382000,0.55481,2.41453,3137.327,304.4391,97.234,0.01671283,11.768686,0.5,49.8306,0,4.35842,0.53511
87399000,0.35186,1.36851,1407.151,48.0806,18.606,171186.6921,22.331509,0.5,11.7313,0,3.89613,0.65573
88750000,0.5178,2.12602,131.2175,128.2202,32.7684,1845.907779,12.994507,0.5,59.0347,0,4.11973,0.53525
88850000,0.5648,2.43486,377.8542,225.3391,38.2254,80.07371906,9.994321,0.5,53.7332,0,4.30378,0.51301