gauge_id,gauge_lat,gauge_lon,runoff_ratio,q_mean,area_gages2,elev_mean,slope_mean,soil_conductivity,soil_depth_pelletier,soil_porosity,frac_forest,lai_max,frac_snow,p_mean,aridity,gauge_name
912101A,-18.643611,139.253056,0.109785,0.154612,12577.3,233.2220917,3.06,79.177887,0.858099127,0.5,0.26104,0.5,0,1.243932,4.077426,Gregory River at Gregory Downs (912101A)
912105A,-18.970833,138.803333,0.130851,0.17882,11392.9,240.4781799,2.74,80.557045,0.900129464,0.5,0.23359,0.5,0,1.231055,4.107287,Gregory River at Riversleigh No. 2 (912105A)
915011A,-20.1775,144.524444,0.079133,0.167457,565.3,839.4358521,2.64,251.40979,1.094932365,0.5,0.46227,0.5,0,1.923706,2.480568,Porcupine Creek at Mt Emu Plains (915011A)
917107A,-18.133611,144.306667,0.137963,0.293126,458.3,628.3557129,3.67,250.5253754,1.04945934,0.5,0.72983,0.5,0,2.017088,2.445833,Elizabeth Creek at Mount Surprise (917107A)
919003A,-16.471389,144.290556,0.253955,0.666621,7731.7,460.9828186,13.45,60.7118225,0.558830374,0.5,0.73181,0.5,0,2.565563,1.941525,Mitchell River at O.K. Bridge (919003A)
919201A,-16.108056,144.778611,0.213537,0.86445,531.7,711.9296265,18.04,85.1729889,0.577757281,0.5,0.98042,0.5,0,3.884422,1.228114,Palmer River at Goldfields (919201A)
919309A,-16.545278,143.784722,0.208846,0.512423,8656.4,442.6983337,9.97,107.9887009,0.716284962,0.5,0.76688,0.5,0,2.253322,2.243285,Walsh River at Trimbles Crossing (919309A)
922101B,-13.956389,143.175,0.48724,1.879721,171.2,447.7018127,12.51,96.575882,1.015787712,0.5,0.98616,0.5,0,3.580809,1.377822,Coen river at Racecourse (922101B)
925001A,-12.454444,142.637778,0.298882,1.137795,3302.1,131.2482147,4.3,189.3210144,1.190109987,0.5,0.90058,0.5,0,3.779776,1.346009,Wenlock river at Moreton (925001A)
926002A,-11.831667,142.42,0.407825,1.861927,330.2,80.1591492,2.93,152.5892029,1.051716262,0.5,0.98678,0.5,0,4.027589,1.259302,Dulhunty River at Dougs Pad (926002A)
G9030124,-16.259722,133.373611,0.068282,0.125709,196.5,246.8421783,0.93,300,0.982045157,0.5,0.76617,0.5,0,1.683924,3.163412,Daly Waters Creek at Daly Waters (G9030124)
G9030250,-14.6953,134.4197,0.090824,0.204644,43473.7,166.8942566,1.98,244.6697083,1.04486787,0.5,0.76346,0.5,0,2.094487,2.582963,Ropa River at Red Rock  (G9030250)
G9070142,-16.778056,135.760556,0.132115,0.246598,4015.5,218.984375,2.53,186.841156,0.911684468,0.5,0.55346,0.5,0,1.495893,3.604593,McArthur River Upstream of Bailey's Grave (G9070142)
A0020101,-25.9088,139.3667,0.041618,0.032595,118974.1,156.2261963,1.15,39.8332291,0.875015199,0.5,0.00709,0.5,0,0.73675,6.434196,Diamantina River at Birdsville (A0020101)
A0030501,-27.7013,140.8433,0.016887,0.017815,233250.3,223.5884705,1.26,78.7250671,0.939345513,0.5,0.12429,0.5,0,0.982374,4.731381,Cooper Creek at Cullyamurra Water Hole (A0030501)
G0010005,-20.045278,137.020833,0.072998,0.078479,6639.9,248.5470428,0.34,34.9778481,1.372088864,0.5,0.00958,0.5,0,1.006213,4.881016,Ranken River at Soudan Homestead (G0010005)
G0050115,-24.351667,133.433333,0.067181,0.058476,3335.6,657.3721924,7.67,286.3641663,0.63366837,0.5,0.00329,0.5,0,0.712168,6.056767,Hugh River at South Road Crossing (G0050115)
G0060005,-23.533611,134.380556,0.043914,0.041534,436.3,738.3480835,7.45,300,0.150000006,0.5,0.00508,0.5,0,0.794205,5.403462,Trephina Creek at Trephina Gorge (G0060005)
401009,-35.926111,148.100833,0.158867,0.450791,215.5,823.9033203,15.53,293.1465454,1.478188932,0.5,0.82601,0.5,0.002746,2.812895,1.120472,Maragle Creek at Maragle (401009)
401012,-36.318333,148.051944,0.317946,0.996346,1257.2,1063.394898,30.78,259.2443848,1.056915986,0.5,0.94789,0.5,0.020687,3.152549,0.912403,Murray River at Biggara (401012)
401015,-35.916667,146.976944,0.05773,0.106029,273.5,284.7579651,5.16,52.9619064,1.046615288,0.5,0.10171,0.5,4.60E-05,1.851168,1.898915,Bowna Creek at Yambla (401015)
401203,-36.948056,147.606944,0.212373,0.762379,1520.4,1096.268433,23.99,205.2043152,1.067531096,0.5,0.77292,0.5,0.02229,3.623598,0.772455,Mitta Mitta River at Hinnomunjie (401203)
401208,-36.213333,147.677778,0.203334,0.623861,356.2,685.069519,21.07,234.624176,0.978670925,0.5,0.84718,0.5,0.000209,3.03101,1.052037,Cudgewa Creek at Berringama (401208)
401210,-36.568611,147.413611,0.338449,1.283827,412.9,852.7523193,36.03,248.1107635,1.014181337,0.5,0.97714,0.5,0.00308,3.814774,0.789654,Snowy Creek at Below Granite Flat (401210)
401212,-36.446111,147.829444,0.406583,1.417083,254.7,1079.132935,36.61,267.5595703,1.050922023,0.5,0.97209,0.5,0.01541,3.487298,0.832291,Nariel Creek at Upper Nariel (401212)
401216,-36.933056,147.4725,0.390228,1.741544,358.1,1246.400879,31.38,243.1333618,1.087231135,0.5,0.82987,0.5,0.067058,4.469794,0.618302,Big River at Jokers Creek (401216)
401217,-36.756111,147.708611,0.243453,0.787661,389.2,1030.36145,33.55,293.272522,1.016105535,0.5,0.93866,0.5,0.01212,3.282799,0.88411,Gibbo River at Gibbo Park (401217)
402204,-36.303333,146.906111,0.174669,0.497082,280.5,502.9161987,16.85,112.4255905,1.027049566,0.5,0.61585,0.5,0.000115,2.811473,1.165164,Yackandandah Creek at Osbornes Flat (402204)
402206,-36.54,147.044444,0.185993,0.638994,127.4,631.3733521,32.45,72.0643005,0.959939344,0.5,0.93035,0.5,8.20E-05,3.525916,0.894685,Running Creek at Running Creek (402206)
402213,-36.316389,146.894444,0.168648,0.488989,120.3,483.8390503,17.62,107.0982285,1.014252081,0.5,0.4013,0.5,0.000107,2.86123,1.14586,Kinchington Creek at Osbornes Flat (402213)
402217,-36.385833,146.876389,0.156783,0.487862,22.5,542.7843628,18.89,100,1,0.5,0.41846,0.5,0.000127,3.09865,1.044995,Flaggy Creek at Myrtleford Road Bridge (402217)
403209A,-36.3325,146.344722,0.264114,0.84375,5486.9,559.770752,25.61,145.7669067,1.008522392,0.5,0.72192,0.5,7.60E-05,3.153856,1.001292,Reedy Creek at Wangaratta North (403209A)
403213A,-36.619444,146.244722,0.231773,0.662051,227.1,548.4537354,19.32,235.786026,1.301149115,0.5,0.86662,0.5,7.40E-05,2.902769,1.087943,Fifteen Mile Creek at Greta South (403213A)
403214,-36.577778,146.820278,0.147068,0.476451,137.6,486.2961731,20.21,81.8740158,0.971688468,0.5,0.69697,0.5,9.30E-05,3.263951,0.986685,Happy Valley Creek at Rosewhite (403214)
403217,-36.824722,146.583611,0.278548,0.956702,177.8,656.729187,30.66,248.2870331,1.035408865,0.5,0.96851,0.5,0.000324,3.465346,0.881636,Rose River at Matong North (403217)
403221,-36.311667,146.601111,0.176709,0.436606,211.5,454.1972961,10.88,222.1605377,0.879374434,0.5,0.62348,0.5,0.000134,2.445226,1.356053,Reedy Creek at Woolshed (403221)
403222,-36.910833,146.700556,0.293496,1.032023,414.8,765.1953735,40.1,186.5377502,1.173074096,0.5,0.96425,0.5,0.00104,3.564167,0.832864,Buffalo River at Abbeyard (403222)
403226,-36.605556,146.362222,0.254928,0.726331,107.9,460.1502991,18.03,195.3250122,1.197610237,0.5,0.63922,0.5,5.00E-06,2.891756,1.112976,Boggy Creek at Angleside (403226)
403232,-36.751111,146.979722,0.24303,0.949999,125.3,714.5800781,41.89,197.6539154,1.028001706,0.5,0.99024,0.5,0.000237,3.943819,0.771891,Morses Creek at Wandiligong (403232)
404207,-36.612222,146.058611,0.183131,0.489302,454.7,481.7266541,15.4,213.6536713,1.288495584,0.5,0.65326,0.5,2.90E-05,2.685366,1.186775,Holland Creek at Kelfeera (404207)
405205,-37.413889,145.564167,0.352897,1.266026,107.8,669.651123,22.35,196.1068726,0.96271332,0.5,0.97086,0.5,0.000653,3.693022,0.760873,Murrindindi River at Murrindindi above Colwells (405205)
405209,-37.317778,145.713889,0.353988,1.238979,625.8,604.5598755,21.71,162.0077972,1.009429007,0.5,0.93734,0.5,0.000306,3.617517,0.786796,Acheron River at Taggerty (405209)
405215,-37.229444,146.207222,0.394969,1.227293,369.5,854.1045532,41.03,224.3872375,1.115407029,0.5,0.95607,0.5,0.002715,3.187877,0.894208,Howqua River at Glen Esk (405215)
405217,-37.383056,145.473333,0.233853,0.674125,360.2,452.5422668,16.25,185.2631989,1.202570194,0.5,0.75922,0.5,3.00E-06,2.949569,0.988155,Yea River at Devlins Bridge (405217)
405218,-37.291667,146.1875,0.479279,1.528096,366.8,880.4689331,41.25,221.004303,1.116972287,0.5,0.95338,0.5,0.003896,3.228492,0.871731,Jamieson River at Gerrang Bridge (405218)
405219,-37.3325,146.130278,0.386332,1.284407,699.1,785.3849487,38.89,205.4988403,1.141604322,0.5,0.95495,0.5,0.001722,3.333541,0.837611,Goulburn River at Dohertys (405219)
405226,-36.621111,145.306667,0.099423,0.16912,788.4,204.0016174,4.05,63.3547935,0.900259083,0.5,0.04183,0.5,0,1.724745,1.903168,Pranjip Creek at Moorlim (405226)
405227,-37.3675,146.056944,0.347932,1.283543,628.1,748.6760864,33.75,256.339325,1.065399852,0.5,0.98933,0.5,0.001176,3.772785,0.740282,Big River at Jamieson (405227)
405238,-37.120278,144.856944,0.158976,0.314523,164.3,449.1931458,9.06,30,0.899999976,0.5,0.23295,0.5,6.70E-05,1.977176,1.523492,Mollison Creek at Pyalong (405238)
405245,-37.038611,146.053889,0.105349,0.254191,117.3,405.2695007,7.28,32.467289,0.903036044,0.5,0.03768,0.5,0,2.46814,1.26475,Ford Creek at Mansfield (405245)
405248,-36.853611,144.914444,0.073291,0.121264,292.1,226.5449677,5.35,30,0.888937152,0.5,0.67706,0.5,0,1.610867,1.996321,Major Creek at Graytown (405248)
405251,-36.968611,145.783889,0.137456,0.338438,118.6,544.7337646,15.65,75.738739,0.963916986,0.5,0.74239,0.5,9.90E-05,2.519906,1.223205,Brankeet Creek at Ancona (405251)
405263,-37.462778,146.247778,0.34948,1.163732,327.6,868.4549561,37.41,157.8805084,1.212777658,0.5,0.94247,0.5,0.002896,3.423634,0.798764,Goulburn River at U/S of Snake Creek Junction (405263)
405264,-37.520556,146.076667,0.335326,1.30259,336.5,822.3471069,31.7,245.3932343,1.080019998,0.5,0.99063,0.5,0.002588,4.022475,0.681515,Big River at D/S of Frenchman Creek Junction (405264)
405274,-37.106111,145.605,0.171736,0.344948,181.4,353.6557922,13.82,59.717308,0.941410021,0.5,0.26668,0.5,0,2.042286,1.530696,Home Creek at Yarck (405274)
406208,-37.387778,144.450556,0.195876,0.513066,37.9,671.0058594,4.39,107.5634537,1.002620624,0.5,0.86208,0.5,0.000602,2.579647,1.086162,Campaspe River at Ashborne (406208)
406213,-37.016111,144.539167,0.133798,0.277969,638,510.2055359,6.34,59.0592613,0.936429436,0.5,0.19307,0.5,7.90E-05,2.094387,1.410522,Campaspe River at Redesdale (406213)
406214,-36.773889,144.428333,0.093231,0.151947,236.2,276.5566101,6.06,30,0.881919223,0.5,0.57363,0.5,0,1.58176,2.039517,Axe Creek at Longlea (406214)
406224,-36.546389,144.637222,0.049907,0.071197,242.3,188.6967163,2.83,51.6320953,0.968645455,0.5,0.14701,0.5,0,1.410859,2.366357,Mount Pleasant Creek at Runnymede (406224)
407214,-37.296944,143.789444,0.112973,0.212056,305.7,456.7790222,4.99,64.9479752,0.966577862,0.5,0.28512,0.5,0,1.848201,1.569961,Creswick Creek at Clunes (407214)
407215,-37.108889,144.058889,0.104244,0.198503,1027.5,416.1818237,7.46,75.051651,0.948004877,0.5,0.66177,0.5,0,1.910814,1.585149,Loddon River at Newstead (407215)
407220,-36.993611,143.644167,0.085247,0.130087,351,311.733551,4.61,42.6752396,0.948317672,0.5,0.17505,0.5,0,1.56662,1.947712,Bet Bet Creek at Norwood (407220)
407230,-37.162222,143.960833,0.087811,0.161154,150.8,399.4685669,6.42,60.7384911,1.144560925,0.5,0.33978,0.5,0,1.832327,1.629387,Joyces Creek at Strathlea (407230)
407253,-36.452222,144.468889,0.077359,0.104941,679.5,176.6784515,1.92,30,0.859239084,0.5,0.45684,0.5,0,1.325442,2.527372,Piccaninny Creek at Minto (407253)
408200,-36.438056,143.298333,0.014528,0.020366,2677.9,253.0708923,4.82,34.4098015,0.913919145,0.5,0.32698,0.5,0,1.386219,2.306963,Avoca River at Coonooer (408200)
408202,-37.181944,143.405556,0.090929,0.150251,76.6,398.3177185,11.74,56.0380173,0.937883541,0.5,0.24152,0.5,0,1.667929,1.789515,Avoca River at Amphitheatre (408202)
410057,-35.33,148.348889,0.33705,1.092191,664.7,941.0384521,24.44,252.951767,1.396275575,0.5,0.97473,0.5,0.004243,3.289545,0.96053,Goobarragandra River at Lacmalac (410057)
410061,-35.332222,148.069167,0.243596,0.706594,146.6,639.1488647,16.83,174.001709,1.110273303,0.5,0.57641,0.5,0.000233,2.854351,1.171031,Adelong Creek at Batlow Road (410061)
410705,-35.335556,149.316111,0.116519,0.235215,498,861.522644,11.19,116.5303116,1.037976178,0.5,0.6304,0.5,0.000749,1.949369,1.595574,Molonglo River at Burbong (410705)
410730,-35.591944,148.822222,0.2921,0.899959,129.2,1351.368774,27.45,180.2609253,1.292559982,0.5,0.96621,0.5,0.068153,3.100596,0.935283,Cotter River at Gingera (410730)
410731,-35.575,149.066111,0.098306,0.234227,669.6,1137.093872,25.2,103.5399857,0.869239195,0.5,0.93617,0.5,0.010899,2.387699,1.248518,Gudgenby River at Tennent (410731)
410734,-35.613889,149.348889,0.132543,0.293425,564.4,1087.263672,15.3,95.2220535,0.814696531,0.5,0.78177,0.5,0.003439,2.149262,1.379128,Queanbeyan River at Tinderry (410734)
410761,-35.54,149.101944,0.082138,0.166546,5163.1,1034.091065,13.71,108.1339264,0.836566712,0.5,0.70482,0.5,0.006092,2.048117,1.451667,Murrumbidgee River at Lobb Holes (410761)
412028,-33.954722,149.325278,0.127202,0.275999,2639.3,868.6021729,13.71,163.1416321,1.240043203,0.5,0.58155,0.5,0.001365,2.117456,1.53096,Abercrombie River at Abercrombie  (412028)
412050,-34.310556,149.167222,0.141602,0.293827,759.3,813.9497681,8.11,71.7732925,1.086643138,0.5,0.11408,0.5,0.000464,2.072117,1.584865,Crookwell River at Narrawa North (412050)
412066,-34.112778,149.5975,0.134288,0.288004,1636.6,895.7562866,13,148.2592316,1.246724901,0.5,0.503,0.5,0.001456,2.154092,1.486614,Abercrombie River at Hadley No. 2 (412066)
415207,-37.185278,143.184722,0.087219,0.152385,305.8,447.6877136,15.87,77.1522369,0.968308248,0.5,0.5551,0.5,1.00E-06,1.745254,1.706695,Wimmera River at Eversley (415207)
415226,-36.743611,142.785278,0.056701,0.076725,129.7,194.2033539,1.62,19.6032505,1.067548083,0.5,0.10739,0.5,0,1.311645,2.423359,Richardson River at Carrs Plains (415226)
415237,-37.026389,142.821389,0.067583,0.101054,239.6,264.9304504,4.95,34.0619965,0.904739224,0.5,0.16001,0.5,0,1.518178,2.009039,Concongella Creek at Stawell (415237)
416003,-29.029167,151.725833,0.079549,0.179829,555.1,888.0122681,11.6,119.1534424,0.858070222,0.5,0.62,0.5,0,2.218173,1.654737,Tenterfield Creek at Clifton (416003)
416008,-29.219167,151.383056,0.088074,0.182926,898,806.0716553,12.63,105.8401566,0.806509472,0.5,0.78624,0.5,0,2.040623,1.845838,Beadt River at Haystack (416008)
418005,-29.916944,151.114167,0.109681,0.257475,237.5,860.0620117,6.61,99.330307,0.808849126,0.5,0.85344,0.5,1.00E-06,2.215946,1.683622,Copes Creek at Kimberley (418005)
418014,-30.4675,151.362778,0.085288,0.181102,826.2,1030.480469,8.4,60.131897,0.755698989,0.5,0.3766,0.5,0.000185,2.098894,1.681349,Gwydir River at Yarrowyck (418014)
419005,-30.678611,150.778056,0.12025,0.261167,2535.9,921.3580933,12.11,171.0970306,0.922791903,0.5,0.4956,0.5,0.000161,2.138747,1.669851,Namoi River at North Cuerindi (419005)
422202B,-26.708889,150.178889,0.042651,0.074987,2987.4,348.8753967,1.86,33.3546181,0.979546395,0.5,0.89412,0.5,0,1.729519,2.581269,Dogwood Creek at Gilweir (422202B)
422306A,-28.164444,152.283333,0.126206,0.350236,81.9,758.8920288,27.44,99.1750107,0.190375857,0.5,0.96712,0.5,0,2.693941,1.410636,Swan Creek at Swanfels (422306A)
422313B,-28.228333,152.226667,0.114531,0.317736,153.4,757.0748901,28.05,114.3900375,0.460988903,0.5,0.83808,0.5,0,2.691808,1.407214,Emu Creek at Emu Vale (422313B)
422319B,-28.035833,152.014444,0.117095,0.248133,245.7,643.8112793,17.08,81.0795898,0.421823439,0.5,0.68002,0.5,0,2.037503,1.926532,Dalrymple Creek at Allora (422319B)
422321B,-28.353889,152.333056,0.264378,0.797821,33.3,852.8706665,19.83,161.3923798,0.521456851,0.5,0.62867,0.5,0,2.957434,1.262367,Spring Creek at Killarney (422321B)
422334A,-27.926389,151.8625,0.070412,0.137966,513.5,544.5761719,8.16,47.3629417,0.658682219,0.5,0.35994,0.5,0,1.897471,2.131001,Kings Creek at Aides Bridge (422334A)
422394A,-28.371111,152.141944,0.131511,0.324509,327.8,652.8101807,14.94,102.2057419,0.767101879,0.5,0.68968,0.5,0,2.432095,1.578999,Condamine River at Elbow Valley (422394A)
424002,-29.2387,144.4553,0.0315,0.030673,35247.5,215.1641083,1.19,124.2104721,1.220381054,0.5,0.08985,0.5,0,0.902779,4.782233,Paroo River at Willarra Crossing (424002)
424201A,-28.6891,144.7859,0.063847,0.066569,22886.1,224.6870117,1.27,115.3228531,1.240480666,0.5,0.11568,0.5,0,0.96987,4.46961,Paroo River at Caiwarro (424201A)
102101A,-12.880278,142.983056,0.571187,2.451285,648.4,227.6283417,9.8,101.8126144,0.982816272,0.5,0.99762,0.5,0,4.12065,1.211178,Pascoe River at Fall Creek (102101A)
104001A,-14.168611,143.393889,0.353246,1.232168,473.7,243.4502716,8.63,166.2449493,0.86627103,0.5,0.96572,0.5,0,3.214184,1.591448,Stewart River at Telegraph Road (104001A)
105101A,-15.281389,144.838611,0.198383,0.837701,2308.6,278.2432861,16.25,99.4138947,0.720197717,0.5,0.95679,0.5,0,3.943833,1.290749,Normanby River at Battle Camp (105101A)
105102A,-15.613333,144.483611,0.234371,0.742289,1322,253.2543945,14.47,131.9362488,0.803875532,0.5,0.84896,0.5,0,2.90777,1.777478,Laura River at Coalseam Creek (105102A)
105105A,-15.771111,145.014167,0.243563,1.194697,296.1,337.1949158,21.54,92.9700775,0.724409031,0.5,0.98134,0.5,0,4.684225,1.072167,East Normanby River at Development Road (105105A)
107001B,-15.423333,145.067222,0.280957,1.289468,340.2,179.3875275,13.28,170.5167236,0.898010716,0.5,0.99771,0.5,0,4.235347,1.217427,Endeavour River at Flaggy (107001B)
108002A,-16.179444,145.281944,0.469778,2.702015,910.2,458.9734192,21.96,196.1525116,1.293961158,0.5,0.99981,0.5,0,5.579732,0.878984,Daintree River at Bairds (108002A)
108003A,-15.988333,145.2875,0.882016,5.790266,262.5,400.1447449,17.82,219.776001,1.612915413,0.5,1,0.5,0,6.294735,0.785372,Bloomfield River at China Camp (108003A)
112002A,-17.564167,145.9075,0.693877,6.364926,16,172.8588867,10.25,300,1.650062387,0.5,0.085,0.5,0,9.167592,0.536486,Fisher Creek at Nerada (112002A)
112102A,-17.715,145.905278,0.63847,5.666359,77.9,301.7047424,30.24,292.3836365,1.140106396,0.5,0.96077,0.5,0,8.746062,0.550707,Liverpool Creek at Upper Japoonvale (112102A)
113004A,-17.739722,145.63,0.776815,5.142922,93.4,682.3875122,24.39,231.4242096,1.658581869,0.5,0.9736,0.5,0,6.629968,0.687592,Cochable Creek at Powerline (113004A)
116006B,-18.492778,145.922222,0.30251,0.922165,7457.1,660.2351074,9.8,198.9702148,1.170651692,0.5,0.92449,0.5,0,2.943336,1.598391,Herbert River at Abergowrie (116006B)
116010A,-18.204444,145.537778,0.402053,1.551557,226.8,673.9978638,13.99,139.6087952,1.11202975,0.5,0.9941,0.5,0,3.901277,1.191036,Blencoe Creek at Blencoe Falls (116010A)
116011A,-17.605,145.4775,0.385672,1.804742,90.6,1023.48053,10.59,184.8289795,1.40531544,0.5,0.59959,0.5,0,4.742387,0.9228,Millstream River at Ravenshoe (116011A)
116012A,-18.065278,145.341944,0.368988,1.273268,350.9,698.4214478,10.08,124.8709793,1.035798669,0.5,0.96343,0.5,0,3.441691,1.348071,Cameron Creek at 8.7KM (116012A)
116013A,-17.651944,145.341111,0.354573,1.541223,319.4,911.2263184,11.81,190.9428253,1.286651169,0.5,0.81823,0.5,0,4.329033,1.030653,Millstream river at Archer Creek (116013A)
116014A,-17.625,145.298889,0.246618,0.82714,585.4,891.5519409,13.65,149.3432312,0.993769467,0.5,0.92705,0.5,0,3.310965,1.360276,Wild River at Silver Valley (116014A)
116015A,-17.735278,145.438056,0.40685,2.010314,125.9,771.6380615,12.71,100.8052902,1.179865691,0.5,0.99998,0.5,0,4.855781,0.938643,Blunder Creek at Wooroora (116015A)
121001A,-20.289444,148.116111,0.167561,0.46698,603.6,268.2931519,13.15,117.8896027,0.667512385,0.5,0.89451,0.5,0,2.905621,1.708488,Don River at Ida Creek (121001A)
122004A,-20.3,148.547222,0.464267,2.173008,46.6,245.4819183,29.43,92.6169739,0.624009725,0.5,0.91518,0.5,0,4.523133,1.098921,Gregory river at Lower Gregory (122004A)
126003A,-21.915556,149.398611,0.449241,1.594517,83.7,180.1323853,21.99,210.4484253,1.276171543,0.5,0.80426,0.5,0,3.4506,1.394469,Carmila Creek at Carmila (126003A)
136202D,-26.301111,152.044444,0.090788,0.216355,649.6,438.6790466,11.48,71.1074905,0.948244366,0.5,0.63727,0.5,0,2.402381,1.749698,Barambah Creek at Litzows (136202D)
136203A,-26.733889,151.820556,0.088023,0.187919,310.7,584.975769,13.97,71.7191544,0.548916587,0.5,0.76741,0.5,0,2.052443,2.021813,Barker Creek at Brooklands (136203A)
136208A,-25.902778,151.844167,0.066906,0.137801,1391.9,299.5849915,12.12,105.7774429,0.882695574,0.5,0.65135,0.5,0,2.068766,2.114395,Boonara Creek at Ettiewyn (136208A)
137101A,-25.086667,152.240833,0.131137,0.32546,453.4,123.7148361,5.32,218.522934,0.7419893,0.5,0.95556,0.5,0,2.572094,1.775114,Gregory River at Burrum Highway (137101A)
137201A,-25.266944,152.368611,0.151546,0.388174,444.5,81.249939,5.39,153.7676239,0.854343384,0.5,0.91331,0.5,0,2.646083,1.734027,Isis River at Bruce Highway (137201A)
138004B,-25.903611,152.349167,0.140369,0.326208,1189,187.2258606,12.88,94.763237,0.688528292,0.5,0.71588,0.5,0,2.419053,1.846158,Munna Creek at Marodian (138004B)
138009A,-26.078611,152.783889,0.208002,0.723428,101.4,148.3703918,14.96,120.5892334,0.6788838,0.5,0.70299,0.5,0,3.621214,1.214661,Tinana Creek at Tagigan Road (138009A)
138010A,-26.079444,152.22,0.085112,0.193029,351.8,290.9729309,13.32,100,0.603513429,0.5,0.71699,0.5,0,2.304168,1.881779,Wide Bay Creek at Kilkivan (138010A)
138113A,-26.39,152.644444,0.233313,0.69634,170.3,299.0943604,21.98,147.4205322,0.807465121,0.5,0.87324,0.5,0,2.917367,1.457713,Kandanga Creek at Hygait (138113A)
143009A,-26.996389,152.408611,0.085545,0.194387,3868.7,388.0463867,14.97,81.4575882,0.647643902,0.5,0.75132,0.5,0,2.262899,1.859605,Brisbane River at Gregors Creek (143009A)
143110A,-27.8275,152.510833,0.162893,0.421273,125.7,206.5794678,13.28,62.2140083,0.86784387,0.5,0.58348,0.5,0,2.513388,1.668494,Bremer River at Adams Bridge (143110A)
143303A,-26.838889,152.840556,0.455848,2.050684,104,223.1925049,13.55,148.5804596,0.859390667,0.5,0.89756,0.5,0,4.461887,0.945651,Stanley River at Peachester (143303A)
145010A,-28.246389,152.891111,0.242764,0.864114,132.2,445.1916809,29.73,214.8466187,1.003979273,0.5,0.68887,0.5,0,3.561496,1.101858,Running Creek at 5.8KM Deickmans Bridge (145010A)
145011A,-28.147778,152.570833,0.175973,0.481922,82.8,427.2130432,19.27,147.6609344,0.712404307,0.5,0.78816,0.5,0,2.720329,1.459672,Teviot Brook at Croftby (145011A)
145018A,-28.219722,152.608333,0.179079,0.508491,81.5,535.833313,27.66,160.5167999,0.796683841,0.5,0.9048,0.5,0,2.849313,1.356522,Burnett Creek at Up Stream Maroon Dam (145018A)
145101D,-28.053056,153.045278,0.223673,0.790784,166.8,372.7765503,26.71,162.870285,1.022446883,0.5,0.70619,0.5,0,3.474841,1.147994,Albert River at Lumeah Number 2 (145101D)
145107A,-27.996667,153.158333,0.247395,0.98534,99.7,447.0945435,31.27,240.2644043,1.114259455,0.5,0.98549,0.5,0,3.9866,0.990425,Canungra Creek at Main Rd Bridge (145107A)
146010A,-28.025833,153.193056,0.256665,1.048481,97,360.5851135,27.4,188.5505524,1.051616409,0.5,0.76275,0.5,0,3.980929,1.006022,Coomera River at Army Camp (146010A)
146012A,-28.178333,153.424167,0.451244,2.266516,30.1,190.7983704,29.96,156.5832367,1.101543671,0.5,0.99605,0.5,0,4.976983,0.827949,Currumbin Creek at Nicolls Bridge (146012A)
146014A,-28.123333,153.19,0.419014,1.848773,6.8,419.3878784,10.73,225.4185638,1.075022345,0.5,0.3826,0.5,0,4.373746,0.912476,Back Creek at Beechmont (146014A)
146095A,-28.149444,153.403611,0.434684,2.124853,56.3,218.6522217,31.55,186.1759491,1.122611571,0.5,0.99891,0.5,0,4.803073,0.854925,Tallebudgera Creek at Tallebudgera Ck Rd (146095A)
A5030502,-35.099167,138.673889,0.155859,0.366432,26.8,342.1468811,15.34,254.0106964,0.585871968,0.5,0.97794,0.5,0,2.396541,1.363053,Scott Creek at Scott Bottom (A5030502)
A5040517,-34.970278,138.681111,0.179098,0.472058,5.1,443.1221924,25.51,100,0.899999976,0.5,0.95653,0.5,0,2.739405,1.169729,First Creek at Waterfall Gully (A5040517)
A5040523,-34.873056,138.754444,0.194532,0.480565,43.5,433.2444763,27.55,100,0.899999976,0.5,0.94207,0.5,0,2.525863,1.283879,Sixth Creek at Castambul (A5040523)
A5050517,-34.463333,139.058333,0.071737,0.114184,116.3,406.4744873,6.35,113.9522705,0.823354407,0.5,0.04179,0.5,0,1.607366,2.097533,North Para River at Penrice (A5050517)
A5130501,-35.955,136.697778,0.100482,0.203559,190.5,167.1338959,4.66,152.4647369,0.678613598,0.5,0.95977,0.5,0,2.002421,1.519573,Rocky River upstream Gorge Falls (A5130501)
204034,-29.763056,152.213333,0.13586,0.331909,400.1,944.3904419,22.28,191.4663391,1.020823378,0.5,0.8683,0.5,0,2.36549,1.491239,Henry River at Newton Boyd (204034)
206014,-30.476389,152.028333,0.111802,0.242481,369.9,1168.020386,9.45,95.3428421,0.786618505,0.5,0.20953,0.5,2.60E-05,2.123616,1.600939, Wollomombi River at Coninside (206014)
206018,-31.049722,151.766111,0.067537,0.147226,862.9,1127.338013,6.45,127.6281738,0.953639764,0.5,0.07192,0.5,0.000421,2.148418,1.565304,Apsley River at Apsley Falls (206018)
208007,-31.516389,151.716389,0.295413,0.775098,222.2,1015.883179,13.07,276.5757751,1.351320775,0.5,0.68916,0.5,0.00015,2.621318,1.279837,Nowendoc River at Nowendoc (208007)
208009,-31.579167,151.315278,0.306614,0.795576,151.5,1009.046021,27,299.3078003,1.272991133,0.5,0.99848,0.5,0.000195,2.556889,1.331888,Barnard River at Barry (208009)
210006,-32.342778,150.101389,0.036684,0.066964,3390.6,513.6638794,15.65,94.0137024,1.109154655,0.5,0.70011,0.5,0,1.770658,2.096269,Goulburn River at Coggan (210006)
210011,-32.318889,151.688056,0.423466,1.360678,195.9,357.6911011,23.27,100,0.996885148,0.5,0.59343,0.5,0,3.166066,1.143831,William River at Tillegra (210011)
211008,-33.071667,151.47,0.215736,0.619525,66.3,60.5274048,9.06,100,0.917651505,0.5,0.99145,0.5,0,2.917382,1.250659,Jigadee Creek at Avondale (211008)
212209,-34.476389,150.533333,0.454738,1.60723,70.3,673.4839478,9.44,198.6301422,1.069479329,0.5,0.53031,0.5,0,3.619377,0.873473,Nepean River at Maguires Crossing (212209)
212260,-33.947222,150.244444,0.23246,0.553019,715.3,901.9730225,29.47,141.7770996,1.366147557,0.5,0.93213,0.5,0.000262,2.382687,1.332557,Kowmung River at Cedar Ford (212260)
215002,-35.340833,149.739444,0.201767,0.44165,1396,829.6049194,12.36,108.6476593,0.950030441,0.5,0.65354,0.5,0.000383,2.248983,1.365905,Shoalhaven River at Warri  (215002)
215004,-35.146944,150.033056,0.40579,1.011314,163.7,640.2550049,10.73,68.3543625,1.119833438,0.5,0.98552,0.5,0,2.417275,1.30554,Corang River at Hockeys (215004)
215207,-34.818901,150.182923,0.155276,0.321139,4682,693.8674316,11.58,96.5101929,1.001136902,0.5,0.77605,0.5,0,2.146249,1.469384,Shoalhaven River at Fossickers Flat
216002,-35.468056,150.237222,0.421054,1.238027,859.7,315.3132019,28.13,142.6996765,0.939779369,0.5,0.98384,0.5,0,2.91103,1.122475,Clyde River at Brooman (216002)
216004,-34.970278,150.598611,0.190744,0.584316,93.4,102.4272385,5.27,56.3277168,1.128798551,0.5,0.81618,0.5,0,3.205615,1.055884,Currambene Creek at Falls Creek (216004)
218001,-36.265,149.510556,0.350157,0.812534,90.1,1052.688599,12.12,100,0.653852492,0.5,0.98695,0.5,0.002288,2.357675,1.223277,Tuross River at Tuross Vale (218001)
219001,-36.593889,149.4425,0.526433,1.282033,15.3,1034.875,15.68,100,0.561600056,0.5,0.99999,0.5,0.002337,2.384973,1.196719,Rutherford Creek at Brown Mountain (219001)
221207,-37.447222,148.914167,0.347122,1.019571,158.1,693.3070679,29.44,261.7448425,1.445772117,0.5,0.98943,0.5,0.000862,2.987607,0.971671,Errinundra River at Errinundra (221207)
221210,-37.416389,149.518611,0.154942,0.38143,838.8,480.4022217,18.16,117.4888077,1.036247186,0.5,0.99644,0.5,0,2.533432,1.178351,Genoa River at The Gorge (221210)
222206,-37.494722,148.174722,0.164689,0.452798,847.5,891.3251953,28.61,239.3253479,0.981483371,0.5,0.9425,0.5,0.004505,2.698341,1.056943,Buchan River at Buchan (222206)
222213,-36.954722,148.326667,0.142994,0.389791,363.7,1058.820068,25.25,176.7114105,0.740233283,0.5,0.95338,0.5,0.024271,2.711796,1.045563,Suggan Buggan River at Suggan Buggan (222213)
223202,-37.268056,147.728056,0.09521,0.234606,894.3,814.3756714,28.87,174.8538055,0.961674432,0.5,0.83945,0.5,0.002202,2.446797,1.182559,Tambo River at Swifts Creek (223202)
224206,-37.406389,147.088056,0.249417,0.767768,1102.3,913.805603,38.7,213.93573,1.115523015,0.5,0.95782,0.5,0.003706,3.122864,0.90359,Wonnangatta River at Crooked River (224206)
224213A,-37.493889,147.271389,0.209485,0.66578,666.3,921.7852783,39.02,185.9777069,1.104081445,0.5,0.8799,0.5,0.004053,3.254194,0.863896,Dargo River at Lower Dargo Rd (224213A)
224214A,-37.494444,147.393333,0.104171,0.252501,440.6,683.1629028,35.39,204.6749573,1.004718387,0.5,0.96223,0.5,0.000521,2.501076,1.156962,Wentworth River at Tabberabbera (224214A)
225020A,-37.833333,146.354167,0.831985,3.099585,11.5,1111.87439,24.33,145.5635529,1.299883164,0.5,1,0.5,0.014947,3.806317,0.666085,South Cascade Creek at Thomson Valley Road (225020A)
225110A,-37.683611,146.318611,0.245783,0.875784,132.1,820.8810425,38.2,242.8703918,1.088959716,0.5,0.98867,0.5,0.002377,3.664161,0.743592,Jordan River at D/S Johnsons Creek (225110A)
225219,-37.516111,146.566111,0.340433,1.065034,572,1054.849243,39.64,221.193222,1.098362576,0.5,0.92557,0.5,0.011346,3.174859,0.858735,Macalister River at Glencairn (225219)
226220,-37.866667,146.006111,0.190701,0.70435,104.2,536.432373,22.21,300,1,0.5,0.9995,0.5,4.30E-05,3.748812,0.738643,Loch River at Noojee (226220)
226222,-37.881944,145.8925,0.314878,1.154914,64.7,481.6543579,23.91,300,1,0.5,0.99895,0.5,1.20E-05,3.775575,0.727021,Latrobe River at Near Noojee (226222)
226407,-38.4075,146.304722,0.310384,0.899566,115,306.4240112,24.38,299.020874,1.491838714,0.5,0.90456,0.5,0,2.956823,0.926793,Morwell River at Boolarra (226407)
227225A,-38.469722,146.555278,0.366911,1.178707,20.3,444.9356995,27.17,300,1.5,0.5,0.9998,0.5,0,3.137731,0.861169,Tarra River at Fischers (227225A)
227226,-38.499722,146.160833,0.264515,0.743623,127.1,208.4264984,20.06,299.7314758,1.456039305,0.5,0.34155,0.5,0,2.872899,0.965446,Tarwin River East Branch  at Dumbalk North (227226)
227227,-38.393333,145.957222,0.329268,0.959889,105.1,226.881134,21.53,298.7581177,1.453757838,0.5,0.1698,0.5,0,2.988134,0.932529,Wilkur Creek at Leongatha (227227)
229650A,-37.721389,145.941111,0.216217,0.82565,25.5,628.1233521,28.29,288.7034607,1.024807932,0.5,0.98416,0.5,0.000478,4.018572,0.684399,Aldermans Creek at RD 32 (229650A)
229661A,-37.633611,145.926667,0.200777,0.746979,54.4,709.2897339,33.54,300,1,0.5,0.98922,0.5,0.000407,3.866655,0.720601,Walshes Creek at RD 1 (229661A)
230210,-37.471944,144.524167,0.117904,0.286107,39,594.194519,8.03,67.5853882,0.952658294,0.5,0.99562,0.5,0.000437,2.399607,1.174457,Saltwater Creek at Bullengarook (230210)
231213,-37.496111,144.359722,0.174981,0.452466,153.4,657.3857422,12.76,108.8183441,0.996519681,0.5,0.97845,0.5,0.000409,2.570918,1.083546,Lerderderg River at Sardine Creek O'brien Crossing (231213)
235205,-38.638056,143.443056,0.57045,2.542147,4.4,322.3623352,10.43,110.3370819,0.800000012,0.5,1,0.5,0,4.410309,0.57857,Arkins Creek West Branch at Wyelangta (235205)
236213,-37.531111,143.466389,0.046248,0.078335,464.1,416.2513123,4.34,34.8727989,0.916751186,0.5,0.30201,0.5,0,1.729757,1.687544,Mount Emu Creek at Mena Park (236213)
238208,-37.373333,142.507778,0.18626,0.405897,22.5,493.3245239,20.43,297.9354858,0.504261227,0.5,0.95699,0.5,0,2.179512,1.301295,Jimmy Creek at Jimmy Creek (238208)
A2390519,-37.0938,140.776,0.024626,0.039457,1549,120.7745743,1.21,147.5584259,0.964000321,0.5,0.14247,0.5,0,1.620349,1.878277,Mosquito Creek at Struan (A2390519)
A2390523,-37.7034,140.3622,0.013019,0.027065,485.4,44.6584358,2.54,248.1241608,0.68031081,0.5,0.37573,0.5,0,2.074166,1.369225,Stony Creek at Woakwine Range (A2390523)
A2390531,-36.689167,140.661111,0.014508,0.020511,404.9,94.7911758,1.05,71.3355789,1.262228255,0.5,0.10564,0.5,0,1.455769,2.149688,Morambro Creek at Bordertown-Naracoorte Road Bridge (A2390531)
604053,-34.889167,117.087222,0.055054,0.112923,1841.4,199.6009216,3.57,194.3524933,0.93679085,0.5,0.7096,0.5,0,2.139878,1.499111,Kent River at Styx Junction (604053)
606001,-34.764167,116.615278,0.075648,0.191108,473.7,180.2312012,6.09,298.6171265,0.601190684,0.5,0.99825,0.5,0,2.644613,1.20791,Deep River at Teds Pool (606001)
606002,-34.696667,116.513889,0.033583,0.091,60.5,176.5264435,7.09,138.438446,0.774370713,0.5,0.99851,0.5,0,2.863025,1.110098,Weld River at Wattle Block (606002)
606185,-34.7648,116.3773,0.175308,0.479569,379.4,157.5039825,7.08,142.2828064,0.785539695,0.5,0.99651,0.5,0,2.890889,1.104648,Shannon River at Dog Pool (606185)
607155,-34.578611,115.972222,0.262179,0.843468,124.9,86.5725098,5.91,111.9747314,0.891457279,0.5,0.93581,0.5,0,3.415888,0.944865,Dombakup Brook at Malimup Track (607155)
608002,-34.392778,115.842222,0.133897,0.408144,44.5,154.0228577,8.72,100,0.801931084,0.5,1.00001,0.5,0,3.282983,0.986554,Carey Brook at Staircase Road (608002)
610008,-33.806667,115.443611,0.105101,0.254827,15.7,167.6005707,2.48,300,0.899999976,0.5,0.99974,0.5,0,2.641163,1.283276,Margaret River North at Whicher Range (610008)
613002,-33.085833,116.038889,0.202428,0.553882,147.2,287.995697,7.26,299.1235657,0.880371967,0.5,0.99712,0.5,0,2.931546,1.211827,Harvey River at Dingo Road (613002)
613146,-32.997778,115.921944,0.249366,0.71355,16.9,225.3222504,11.08,105.3712463,0.956665103,0.5,0.89096,0.5,0,2.983678,1.205459,Clarke Brook at Hillview Farm (613146)
614044,-32.811111,116.155556,0.040429,0.10613,73.3,287.5201721,8.14,300,0.972059212,0.5,0.99989,0.5,0,2.708514,1.329117,Yarragil Brook at Yarragil Formation (614044)
616002,-32.068333,116.2925,0.007903,0.015246,669.3,292.0539246,5.92,276.2972107,0.889859268,0.5,0.97911,0.5,0,2.135802,1.796487,Darkin River at Pine Plantation (616002)
616013,-31.939722,116.403611,0.008142,0.014249,327.9,293.7251282,5.72,223.4248199,0.974234901,0.5,0.95658,0.5,0,1.88195,2.067278,Helena River  at Ngangaguringuring (616013)
616065,-32.2275,116.171944,0.040057,0.096935,520.9,326.0071411,7.4,299.7575989,0.885741365,0.5,0.99669,0.5,0,2.551081,1.469108,Canning River at Glen Eagle (616065)
803003,-17.129722,124.988333,0.38456,0.881568,65.1,222.2296448,7.83,100,0.400000006,0.5,0.01792,0.5,0,2.143806,2.69654,Fletcher River at Dromedary (803003)
804001,-17.008889,125.4275,0.215329,0.522256,1834.8,415.4979248,3.61,223.1043854,0.707025755,0.5,0.43267,0.5,0,2.23116,2.491235,Isdell River at Dales Yard (804001)
809310,-17.425833,127.600556,0.173894,0.321876,547.8,535.4473267,6.32,227.0354767,0.695544859,0.5,0.28869,0.5,0,1.721783,3.150925,Ord River at Bedford Downs (809310)
G8110004,-15.766944,130.033611,0.151634,0.339052,2443.2,193.9957275,7.24,172.7554016,0.267317655,0.5,0.66391,0.5,0,1.970745,2.847526,East Baines River at VIC Highway (G8110004)
G8110016,-17.448611,130.839444,0.171642,0.291025,4582.9,315.2897644,3.07,148.0972137,0.741249748,0.5,0.15355,0.5,0,1.354962,3.913456,Upper VIC River at Wave Hill Police Station (G8110016)
G8140001,-14.463333,132.256944,0.247813,0.781717,8248.4,280.8457642,3.95,231.3474121,0.614309192,0.5,0.82111,0.5,0,2.864904,1.845999,Katherine River at Railway Bridge (G8140001)
G8140040,-13.8308,130.7358,0.164906,0.47878,47745.4,180.3629761,2.87,203.0904083,0.955039332,0.5,0.80255,0.5,0,2.630555,2.068528,Daly River at Mount Nancar (G8140040)
G8140161,-13.737778,131.102778,0.174561,0.652871,411.9,114.5911255,4.22,200.8109283,1.154283485,0.5,0.80635,0.5,0,3.363221,1.624766,Green Ant Creek at Tipperary (G8140161)
G8150018,-12.605556,131.073611,0.399344,1.77687,95.9,38.5706978,1.99,176.8747559,1.178361021,0.5,0.91758,0.5,0,4.1187,1.354449,Elizabeth River at Stuart Highway (G8150018)
G8170002,-13.240556,131.108333,0.303661,1.23582,643.5,125.145195,6.23,157.1672363,0.691969872,0.5,0.6165,0.5,0,3.643137,1.500758,Adelaide River at Railway Bridge (G8170002)
G8190001,-12.791667,132.174444,0.326631,1.251925,254.5,46.1996536,1.49,200.677887,0.570363606,0.5,0.90058,0.5,0,3.636201,1.513163,West Alligator River at Upstream Arnhem Highway (G8190001)
G8200045,-13.524444,132.519722,0.350191,1.181956,1219.5,246.0968781,8.46,207.0045166,0.493700422,0.5,0.81847,0.5,0,3.299857,1.612353,South Alligator River at El Sherana  (G8200045)
G8210010,-12.717222,133.3325,0.443234,1.544126,2384.7,283.7574158,5.75,300,0.42367094,0.5,0.97907,0.5,0,3.193855,1.641242,East Alligator River at 12 Deg 43 Minutes South (G8210010)
302214,-41.046667,148.216667,0.247492,0.648535,229.1,108.0318604,7.45,185.8205566,1.249881824,0.5,0.97301,0.5,0,2.729227,1.017265,Ansons River at Downstream of Big Boggy Creek (302214)
304497,-42.030556,146.419722,0.589862,2.986097,177.6,1042.964722,9.12,100,1.299999952,0.5,0.83599,0.5,0.080188,5.062477,0.431883,Nive River at Gowan Brae (304497)
304499,-42.706389,146.711111,0.571281,2.209371,206.1,542.1652832,24.63,210.9969635,0.975320782,0.5,0.97898,0.5,0.013722,3.973287,0.575218,Tyenna River at Newbury (304499)
305202,-43.071111,147.236944,0.285751,0.765922,17.4,356.1685486,24.04,78.6648865,0.711525714,0.5,0.99296,0.5,0.000238,2.790601,0.848505,Snug Rivulet at U/S Snug Tiers Rd Bridge (305202)
307473,-43.1412,145.95,0.89766,5.474052,697.9,288.4317627,25.62,300,0.999874777,0.5,0.87333,0.5,0.00013,6.280585,0.362287,Davey River at D/S Crossing Rv  (307473)
308145,-42.241667,145.767222,0.784657,5.207819,774,665.6287231,30.6,153.5580902,1.116577341,0.5,0.96094,0.5,0.011115,6.755977,0.331747,Franklin River at Mt Fincham Track (308145)
308799,-42.164167,145.928056,0.774258,5.252275,268.3,686.3233643,29.75,100.9216614,1.154121858,0.5,0.96901,0.5,0.011191,6.949387,0.321242,Collingwood river at B/L Alma (308799)
312061,-41.419444,145.670556,0.636277,3.659826,99.4,647.2792969,5.26,300,1.5,0.5,0.99473,0.5,0.003833,5.890605,0.383054,Hellyer River at Guilford Junction (312061)
314207,-41.250833,146.09,0.554262,2.674365,499.6,543.6729126,18.54,242.4849091,1.13055137,0.5,0.93658,0.5,0.000613,4.902794,0.485001,Leven River at at Bannons Bridge (314207)
314213,-40.872222,145.297778,0.472138,1.673509,319,178.7461548,10.48,130.0881805,1.005594347,0.5,0.98161,0.5,0,3.616832,0.695938,Black River at South Forest (314213)
315450,-41.611667,146.130556,0.659273,4.008831,309.6,821.8219604,30.09,194.0001831,1.0638316,0.5,0.94278,0.5,0.023717,6.208213,0.361667,Forth River at U/S Lemonthyme (315450)
318076,-41.494444,147.384167,0.368101,1.212584,374.2,674.4533691,21.01,204.5112915,1.285159667,0.5,0.92181,0.5,0.001795,3.329784,0.747536,North Esk River at Ballroom (318076)